nome_cientifico,nome_popular,grupo,status_iucn,bioma,bioma_principal,habitat_afetado_pct,latitude,longitude,estado,ano,mes
Panthera onca,Onça-pintada,Mamífero,VU,Cerrado,Cerrado,8.1,-20.061761,-56.797438,Mato Grosso do Sul,2026.0,1.0
Panthera onca,Onça-pintada,Mamífero,VU,Cerrado,Cerrado,8.1,-18.661136,-57.514916,Mato Grosso do Sul,2026.0,1.0
Panthera onca,Onça-pintada,Mamífero,VU,Cerrado,Cerrado,8.1,-14.943354,-45.976751,Bahia,2026.0,2.0
Panthera onca,Onça-pintada,Mamífero,VU,Cerrado,Cerrado,8.1,-17.237238,-56.71106,Mato Grosso,2026.0,3.0
Panthera onca,Onça-pintada,Mamífero,VU,Cerrado,Cerrado,8.1,-14.868912,-45.838021,Bahia,2026.0,3.0
Panthera onca,Onça-pintada,Mamífero,VU,Cerrado,Cerrado,8.1,-17.647046,-57.220305,Mato Grosso,2026.0,4.0
Panthera onca,Onça-pintada,Mamífero,VU,Cerrado,Cerrado,8.1,-16.286922,-56.73759,Mato Grosso,2026.0,4.0
Panthera onca,Onça-pintada,Mamífero,VU,Cerrado,Cerrado,8.1,-20.093408,-56.695224,Mato Grosso do Sul,2026.0,4.0
Panthera onca,Onça-pintada,Mamífero,VU,Cerrado,Cerrado,8.1,-15.040158,-45.885497,Bahia,2025.0,1.0
Panthera onca,Onça-pintada,Mamífero,VU,Cerrado,Cerrado,8.1,-19.706251,-56.097314,Mato Grosso do Sul,2025.0,2.0
Panthera onca,Onça-pintada,Mamífero,VU,Cerrado,Cerrado,8.1,-20.099947,-56.560735,Mato Grosso do Sul,2025.0,3.0
Panthera onca,Onça-pintada,Mamífero,VU,Cerrado,Cerrado,8.1,-16.331408,-56.609489,Mato Grosso,2025.0,3.0
Panthera onca,Onça-pintada,Mamífero,VU,Cerrado,Cerrado,8.1,-17.30543,-56.710661,Mato Grosso,2025.0,4.0
Panthera onca,Onça-pintada,Mamífero,VU,Cerrado,Cerrado,8.1,-16.933931,-57.486081,Mato Grosso,2025.0,4.0
Panthera onca,Onça-pintada,Mamífero,VU,Cerrado,Cerrado,8.1,-17.385278,-56.627296,Mato Grosso,2025.0,4.0
Panthera onca,Onça-pintada,Mamífero,VU,Cerrado,Cerrado,8.1,-18.219018,-52.644979,Goiás,2025.0,4.0
Panthera onca,Onça-pintada,Mamífero,VU,Cerrado,Cerrado,8.1,-19.419161,-56.151001,Mato Grosso do Sul,2025.0,5.0
Panthera onca,Onça-pintada,Mamífero,VU,Cerrado,Cerrado,8.1,-17.230817,-56.744285,Mato Grosso,2025.0,5.0
Panthera onca,Onça-pintada,Mamífero,VU,Cerrado,Cerrado,8.1,-17.249595,-56.645985,Mato Grosso do Sul,2025.0,5.0
Panthera onca,Onça-pintada,Mamífero,VU,Cerrado,Cerrado,8.1,-17.784174,-57.394316,Mato Grosso,2025.0,5.0
Panthera onca,Onça-pintada,Mamífero,VU,Cerrado,Cerrado,8.1,-17.397762,-56.779288,Mato Grosso,2025.0,5.0
Panthera onca,Onça-pintada,Mamífero,VU,Cerrado,Cerrado,8.1,-17.390293,-56.677147,Mato Grosso,2025.0,5.0
Panthera onca,Onça-pintada,Mamífero,VU,Cerrado,Cerrado,8.1,-17.345261,-56.614323,Mato Grosso,2025.0,5.0
Panthera onca,Onça-pintada,Mamífero,VU,Cerrado,Cerrado,8.1,-17.375863,-56.78812,Mato Grosso,2025.0,6.0
Panthera onca,Onça-pintada,Mamífero,VU,Cerrado,Cerrado,8.1,-17.221547,-56.760157,Mato Grosso,2025.0,6.0
Panthera onca,Onça-pintada,Mamífero,VU,Cerrado,Cerrado,8.1,-17.236332,-56.639801,Mato Grosso,2025.0,6.0
Panthera onca,Onça-pintada,Mamífero,VU,Cerrado,Cerrado,8.1,-17.359678,-56.740626,Mato Grosso do Sul,2025.0,6.0
Panthera onca,Onça-pintada,Mamífero,VU,Cerrado,Cerrado,8.1,-17.384453,-56.710698,Mato Grosso,2025.0,6.0
Panthera onca,Onça-pintada,Mamífero,VU,Cerrado,Cerrado,8.1,-17.210687,-56.719638,Mato Grosso,2025.0,6.0
Panthera onca,Onça-pintada,Mamífero,VU,Cerrado,Cerrado,8.1,-17.320572,-56.787826,Mato Grosso,2025.0,6.0
Panthera onca,Onça-pintada,Mamífero,VU,Cerrado,Cerrado,8.1,-17.266445,-56.651257,Mato Grosso,2025.0,6.0
Panthera onca,Onça-pintada,Mamífero,VU,Cerrado,Cerrado,8.1,-15.302857,-56.885298,Mato Grosso,2025.0,6.0
Panthera onca,Onça-pintada,Mamífero,VU,Cerrado,Cerrado,8.1,-17.394304,-56.714971,Mato Grosso,2025.0,6.0
Panthera onca,Onça-pintada,Mamífero,VU,Cerrado,Cerrado,8.1,-20.112347,-56.484416,Mato Grosso do Sul,2025.0,7.0
Panthera onca,Onça-pintada,Mamífero,VU,Cerrado,Cerrado,8.1,-16.830795,-56.264375,Mato Grosso,2025.0,7.0
Panthera onca,Onça-pintada,Mamífero,VU,Cerrado,Cerrado,8.1,-17.327626,-56.711311,Mato Grosso,2025.0,7.0
Panthera onca,Onça-pintada,Mamífero,VU,Cerrado,Cerrado,8.1,-17.823109,-57.450388,Mato Grosso,2025.0,7.0
Panthera onca,Onça-pintada,Mamífero,VU,Cerrado,Cerrado,8.1,-17.380931,-56.625355,Mato Grosso,2025.0,7.0
Panthera onca,Onça-pintada,Mamífero,VU,Cerrado,Cerrado,8.1,-17.245294,-56.665918,Mato Grosso,2025.0,7.0
Panthera onca,Onça-pintada,Mamífero,VU,Cerrado,Cerrado,8.1,-17.227475,-56.785741,Mato Grosso,2025.0,7.0
Panthera onca,Onça-pintada,Mamífero,VU,Cerrado,Cerrado,8.1,-17.386043,-56.721131,Mato Grosso do Sul,2025.0,7.0
Panthera onca,Onça-pintada,Mamífero,VU,Cerrado,Cerrado,8.1,-17.263246,-56.732954,Mato Grosso,2025.0,7.0
Panthera onca,Onça-pintada,Mamífero,VU,Cerrado,Cerrado,8.1,-17.394996,-56.617439,Mato Grosso,2025.0,7.0
Panthera onca,Onça-pintada,Mamífero,VU,Cerrado,Cerrado,8.1,-17.20593,-56.744866,Mato Grosso do Sul,2025.0,7.0
Panthera onca,Onça-pintada,Mamífero,VU,Cerrado,Cerrado,8.1,-17.396488,-56.680379,Mato Grosso,2025.0,7.0
Panthera onca,Onça-pintada,Mamífero,VU,Cerrado,Cerrado,8.1,-17.363242,-56.650543,Mato Grosso,2025.0,7.0
Panthera onca,Onça-pintada,Mamífero,VU,Cerrado,Cerrado,8.1,-17.250885,-56.727043,Mato Grosso,2025.0,7.0
Panthera onca,Onça-pintada,Mamífero,VU,Cerrado,Cerrado,8.1,-17.360216,-56.715275,Mato Grosso,2025.0,7.0
Panthera onca,Onça-pintada,Mamífero,VU,Cerrado,Cerrado,8.1,-17.384089,-56.805284,Mato Grosso,2025.0,7.0
Panthera onca,Onça-pintada,Mamífero,VU,Cerrado,Cerrado,8.1,-17.357094,-56.928123,Mato Grosso,2025.0,7.0
Panthera onca,Onça-pintada,Mamífero,VU,Cerrado,Cerrado,8.1,-17.262589,-56.92674,Mato Grosso,2025.0,7.0
Panthera onca,Onça-pintada,Mamífero,VU,Cerrado,Cerrado,8.1,-17.388375,-56.791255,Mato Grosso,2025.0,7.0
Panthera onca,Onça-pintada,Mamífero,VU,Cerrado,Cerrado,8.1,-17.200819,-56.935859,Mato Grosso,2025.0,7.0
Panthera onca,Onça-pintada,Mamífero,VU,Cerrado,Cerrado,8.1,-17.321316,-56.708847,Mato Grosso,2025.0,7.0
Panthera onca,Onça-pintada,Mamífero,VU,Cerrado,Cerrado,8.1,-17.342892,-56.930537,Mato Grosso,2025.0,7.0
Panthera onca,Onça-pintada,Mamífero,VU,Cerrado,Cerrado,8.1,-17.364437,-56.753133,Mato Grosso,2025.0,7.0
Panthera onca,Onça-pintada,Mamífero,VU,Cerrado,Cerrado,8.1,-17.257569,-56.879232,Mato Grosso,2025.0,7.0
Panthera onca,Onça-pintada,Mamífero,VU,Cerrado,Cerrado,8.1,-17.31764,-56.810067,Mato Grosso,2025.0,7.0
Panthera onca,Onça-pintada,Mamífero,VU,Cerrado,Cerrado,8.1,-17.376588,-56.685669,Mato Grosso,2025.0,7.0
Panthera onca,Onça-pintada,Mamífero,VU,Cerrado,Cerrado,8.1,-17.268748,-56.82453,Mato Grosso,2025.0,7.0
Panthera onca,Onça-pintada,Mamífero,VU,Cerrado,Cerrado,8.1,-17.375936,-56.845923,Mato Grosso,2025.0,7.0
Panthera onca,Onça-pintada,Mamífero,VU,Cerrado,Cerrado,8.1,-17.28218,-56.65073,Mato Grosso,2025.0,7.0
Panthera onca,Onça-pintada,Mamífero,VU,Cerrado,Cerrado,8.1,-17.233475,-56.660004,Mato Grosso,2025.0,7.0
Panthera onca,Onça-pintada,Mamífero,VU,Cerrado,Cerrado,8.1,-17.382143,-56.689035,Mato Grosso,2025.0,7.0
Panthera onca,Onça-pintada,Mamífero,VU,Cerrado,Cerrado,8.1,-17.334585,-56.774171,Mato Grosso,2025.0,7.0
Panthera onca,Onça-pintada,Mamífero,VU,Cerrado,Cerrado,8.1,-17.335104,-56.621857,Mato Grosso,2025.0,7.0
Panthera onca,Onça-pintada,Mamífero,VU,Cerrado,Cerrado,8.1,-17.327169,-56.755385,Mato Grosso,2025.0,7.0
Panthera onca,Onça-pintada,Mamífero,VU,Cerrado,Cerrado,8.1,-17.231374,-56.656831,Mato Grosso,2025.0,7.0
Panthera onca,Onça-pintada,Mamífero,VU,Cerrado,Cerrado,8.1,-17.279241,-56.764634,Mato Grosso,2025.0,7.0
Panthera onca,Onça-pintada,Mamífero,VU,Cerrado,Cerrado,8.1,-17.397347,-56.66147,Mato Grosso,2025.0,7.0
Panthera onca,Onça-pintada,Mamífero,VU,Cerrado,Cerrado,8.1,-17.21228,-56.771979,Mato Grosso do Sul,2025.0,7.0
Panthera onca,Onça-pintada,Mamífero,VU,Cerrado,Cerrado,8.1,-17.541874,-56.742575,Mato Grosso do Sul,2025.0,7.0
Panthera onca,Onça-pintada,Mamífero,VU,Cerrado,Cerrado,8.1,-17.122873,-56.751767,Mato Grosso,2025.0,7.0
Panthera onca,Onça-pintada,Mamífero,VU,Cerrado,Cerrado,8.1,-17.24838,-56.727583,Mato Grosso,2025.0,7.0
Panthera onca,Onça-pintada,Mamífero,VU,Cerrado,Cerrado,8.1,-17.070733,-56.600635,Mato Grosso,2025.0,7.0
Panthera onca,Onça-pintada,Mamífero,VU,Cerrado,Cerrado,8.1,-17.067689,-56.798827,Mato Grosso,2025.0,7.0
Panthera onca,Onça-pintada,Mamífero,VU,Cerrado,Cerrado,8.1,-17.31886,-56.783124,Mato Grosso,2025.0,7.0
Panthera onca,Onça-pintada,Mamífero,VU,Cerrado,Cerrado,8.1,-17.440217,-56.864946,Mato Grosso do Sul,2025.0,7.0
Panthera onca,Onça-pintada,Mamífero,VU,Cerrado,Cerrado,8.1,-17.123184,-56.732462,Mato Grosso,2025.0,7.0
Panthera onca,Onça-pintada,Mamífero,VU,Cerrado,Cerrado,8.1,-17.074489,-56.648892,Mato Grosso,2025.0,7.0
Panthera onca,Onça-pintada,Mamífero,VU,Cerrado,Cerrado,8.1,-17.329343,-56.649299,Mato Grosso do Sul,2025.0,7.0
Panthera onca,Onça-pintada,Mamífero,VU,Cerrado,Cerrado,8.1,-17.442873,-56.969669,Mato Grosso do Sul,2025.0,7.0
Panthera onca,Onça-pintada,Mamífero,VU,Cerrado,Cerrado,8.1,-17.372525,-56.800241,Mato Grosso do Sul,2025.0,7.0
Panthera onca,Onça-pintada,Mamífero,VU,Cerrado,Cerrado,8.1,-17.194744,-56.488591,Mato Grosso,2025.0,7.0
Panthera onca,Onça-pintada,Mamífero,VU,Cerrado,Cerrado,8.1,-17.284707,-56.702666,Mato Grosso,2025.0,7.0
Panthera onca,Onça-pintada,Mamífero,VU,Cerrado,Cerrado,8.1,-17.242544,-56.602376,Mato Grosso,2025.0,7.0
Panthera onca,Onça-pintada,Mamífero,VU,Cerrado,Cerrado,8.1,-17.327647,-56.767913,Mato Grosso,2025.0,7.0
Panthera onca,Onça-pintada,Mamífero,VU,Cerrado,Cerrado,8.1,-17.245954,-56.648106,Mato Grosso,2025.0,7.0
Panthera onca,Onça-pintada,Mamífero,VU,Cerrado,Cerrado,8.1,-17.383531,-56.615716,Mato Grosso,2025.0,7.0
Panthera onca,Onça-pintada,Mamífero,VU,Cerrado,Cerrado,8.1,-10.441285,-46.861126,Tocantins,2025.0,7.0
Panthera onca,Onça-pintada,Mamífero,VU,Cerrado,Cerrado,8.1,-17.224454,-56.751969,Mato Grosso,2025.0,7.0
Panthera onca,Onça-pintada,Mamífero,VU,Cerrado,Cerrado,8.1,-17.21246,-56.661622,Mato Grosso,2025.0,7.0
Panthera onca,Onça-pintada,Mamífero,VU,Cerrado,Cerrado,8.1,-17.271185,-56.668028,Mato Grosso,2025.0,7.0
Panthera onca,Onça-pintada,Mamífero,VU,Cerrado,Cerrado,8.1,-17.332638,-56.746512,Mato Grosso,2025.0,7.0
Panthera onca,Onça-pintada,Mamífero,VU,Cerrado,Cerrado,8.1,-17.399076,-56.691256,Mato Grosso,2025.0,7.0
Panthera onca,Onça-pintada,Mamífero,VU,Cerrado,Cerrado,8.1,-17.294723,-56.636612,Mato Grosso,2025.0,7.0
Panthera onca,Onça-pintada,Mamífero,VU,Cerrado,Cerrado,8.1,-17.261222,-56.702059,Mato Grosso,2025.0,7.0
Panthera onca,Onça-pintada,Mamífero,VU,Cerrado,Cerrado,8.1,-17.274084,-56.724183,Mato Grosso,2025.0,7.0
Panthera onca,Onça-pintada,Mamífero,VU,Cerrado,Cerrado,8.1,-17.268403,-56.67145,Mato Grosso,2025.0,7.0
Panthera onca,Onça-pintada,Mamífero,VU,Cerrado,Cerrado,8.1,-17.312889,-56.764496,Mato Grosso do Sul,2025.0,7.0
Panthera onca,Onça-pintada,Mamífero,VU,Cerrado,Cerrado,8.1,-17.324152,-56.763719,Mato Grosso,2025.0,7.0
Panthera onca,Onça-pintada,Mamífero,VU,Cerrado,Cerrado,8.1,-17.354507,-56.603686,Mato Grosso,2025.0,7.0
Panthera onca,Onça-pintada,Mamífero,VU,Cerrado,Cerrado,8.1,-17.272758,-56.679225,Mato Grosso,2025.0,7.0
Panthera onca,Onça-pintada,Mamífero,VU,Cerrado,Cerrado,8.1,-17.270996,-56.775708,Mato Grosso,2025.0,7.0
Panthera onca,Onça-pintada,Mamífero,VU,Cerrado,Cerrado,8.1,-17.265125,-56.746463,Mato Grosso,2025.0,8.0
Panthera onca,Onça-pintada,Mamífero,VU,Cerrado,Cerrado,8.1,-17.360186,-56.759668,Mato Grosso,2025.0,8.0
Panthera onca,Onça-pintada,Mamífero,VU,Cerrado,Cerrado,8.1,-19.884138,-56.241989,Mato Grosso do Sul,2025.0,8.0
Panthera onca,Onça-pintada,Mamífero,VU,Cerrado,Cerrado,8.1,-17.339521,-56.709848,Mato Grosso,2025.0,8.0
Panthera onca,Onça-pintada,Mamífero,VU,Cerrado,Cerrado,8.1,-19.861543,-56.332644,Mato Grosso do Sul,2025.0,8.0
Panthera onca,Onça-pintada,Mamífero,VU,Cerrado,Cerrado,8.1,-19.980815,-56.272167,Mato Grosso do Sul,2025.0,8.0
Panthera onca,Onça-pintada,Mamífero,VU,Cerrado,Cerrado,8.1,-17.246686,-56.771425,Mato Grosso,2025.0,8.0
Panthera onca,Onça-pintada,Mamífero,VU,Cerrado,Cerrado,8.1,-17.253706,-56.63143,Mato Grosso,2025.0,8.0
Panthera onca,Onça-pintada,Mamífero,VU,Cerrado,Cerrado,8.1,-17.057587,-56.443575,Mato Grosso,2025.0,8.0
Panthera onca,Onça-pintada,Mamífero,VU,Cerrado,Cerrado,8.1,-19.822984,-56.269838,Mato Grosso do Sul,2025.0,8.0
Panthera onca,Onça-pintada,Mamífero,VU,Cerrado,Cerrado,8.1,-17.190092,-56.539891,Mato Grosso,2025.0,8.0
Panthera onca,Onça-pintada,Mamífero,VU,Cerrado,Cerrado,8.1,-17.092391,-56.403951,Mato Grosso,2025.0,8.0
Panthera onca,Onça-pintada,Mamífero,VU,Cerrado,Cerrado,8.1,-17.098862,-56.422903,Mato Grosso,2025.0,8.0
Panthera onca,Onça-pintada,Mamífero,VU,Cerrado,Cerrado,8.1,-19.889141,-56.285434,Mato Grosso do Sul,2025.0,8.0
Panthera onca,Onça-pintada,Mamífero,VU,Cerrado,Cerrado,8.1,-17.027452,-56.518277,Mato Grosso,2025.0,8.0
Panthera onca,Onça-pintada,Mamífero,VU,Cerrado,Cerrado,8.1,-19.863728,-56.252335,Mato Grosso do Sul,2025.0,8.0
Panthera onca,Onça-pintada,Mamífero,VU,Cerrado,Cerrado,8.1,-17.239852,-56.694742,Mato Grosso,2025.0,8.0
Panthera onca,Onça-pintada,Mamífero,VU,Cerrado,Cerrado,8.1,-20.24991,-56.60946,Mato Grosso do Sul,2025.0,8.0
Panthera onca,Onça-pintada,Mamífero,VU,Cerrado,Cerrado,8.1,-17.204767,-56.704064,Mato Grosso,2025.0,8.0
Panthera onca,Onça-pintada,Mamífero,VU,Cerrado,Cerrado,8.1,-17.30566,-56.741768,Mato Grosso,2025.0,8.0
Panthera onca,Onça-pintada,Mamífero,VU,Cerrado,Cerrado,8.1,-17.441453,-56.693491,Mato Grosso do Sul,2025.0,8.0
Panthera onca,Onça-pintada,Mamífero,VU,Cerrado,Cerrado,8.1,-17.270187,-56.669205,Mato Grosso do Sul,2025.0,8.0
Panthera onca,Onça-pintada,Mamífero,VU,Cerrado,Cerrado,8.1,-17.203919,-56.650541,Mato Grosso,2025.0,8.0
Panthera onca,Onça-pintada,Mamífero,VU,Cerrado,Cerrado,8.1,-17.21825,-56.628406,Mato Grosso,2025.0,8.0
Panthera onca,Onça-pintada,Mamífero,VU,Cerrado,Cerrado,8.1,-17.240962,-56.613945,Mato Grosso,2025.0,8.0
Panthera onca,Onça-pintada,Mamífero,VU,Cerrado,Cerrado,8.1,-17.324791,-56.738083,Mato Grosso,2025.0,8.0
Panthera onca,Onça-pintada,Mamífero,VU,Cerrado,Cerrado,8.1,-17.399944,-56.698868,Mato Grosso do Sul,2025.0,8.0
Panthera onca,Onça-pintada,Mamífero,VU,Cerrado,Cerrado,8.1,-17.292912,-56.733589,Mato Grosso,2025.0,8.0
Panthera onca,Onça-pintada,Mamífero,VU,Cerrado,Cerrado,8.1,-19.418004,-57.196809,Mato Grosso do Sul,2025.0,8.0
Panthera onca,Onça-pintada,Mamífero,VU,Cerrado,Cerrado,8.1,-17.312988,-56.631343,Mato Grosso,2025.0,8.0
Panthera onca,Onça-pintada,Mamífero,VU,Cerrado,Cerrado,8.1,-17.228143,-56.659336,Mato Grosso,2025.0,8.0
Panthera onca,Onça-pintada,Mamífero,VU,Cerrado,Cerrado,8.1,-17.318198,-56.69113,Mato Grosso,2025.0,8.0
Panthera onca,Onça-pintada,Mamífero,VU,Cerrado,Cerrado,8.1,-17.211186,-56.794694,Mato Grosso,2025.0,8.0
Panthera onca,Onça-pintada,Mamífero,VU,Cerrado,Cerrado,8.1,-17.307898,-56.629498,Mato Grosso,2025.0,8.0
Panthera onca,Onça-pintada,Mamífero,VU,Cerrado,Cerrado,8.1,-17.305338,-56.799019,Mato Grosso,2025.0,8.0
Panthera onca,Onça-pintada,Mamífero,VU,Cerrado,Cerrado,8.1,-17.236928,-56.676635,Mato Grosso do Sul,2025.0,8.0
Panthera onca,Onça-pintada,Mamífero,VU,Cerrado,Cerrado,8.1,-17.318549,-56.697397,Mato Grosso,2025.0,8.0
Panthera onca,Onça-pintada,Mamífero,VU,Cerrado,Cerrado,8.1,-17.252207,-56.611699,Mato Grosso,2025.0,8.0
Panthera onca,Onça-pintada,Mamífero,VU,Cerrado,Cerrado,8.1,-17.358885,-56.636386,Mato Grosso,2025.0,8.0
Panthera onca,Onça-pintada,Mamífero,VU,Cerrado,Cerrado,8.1,-17.302084,-56.713307,Mato Grosso,2025.0,8.0
Panthera onca,Onça-pintada,Mamífero,VU,Cerrado,Cerrado,8.1,-16.458412,-56.724116,Mato Grosso,2025.0,8.0
Panthera onca,Onça-pintada,Mamífero,VU,Cerrado,Cerrado,8.1,-17.200497,-56.750484,Mato Grosso,2025.0,8.0
Panthera onca,Onça-pintada,Mamífero,VU,Cerrado,Cerrado,8.1,-17.374472,-56.736438,Mato Grosso,2025.0,8.0
Panthera onca,Onça-pintada,Mamífero,VU,Cerrado,Cerrado,8.1,-17.364976,-56.624239,Mato Grosso,2025.0,8.0
Panthera onca,Onça-pintada,Mamífero,VU,Cerrado,Cerrado,8.1,-17.375412,-56.633963,Mato Grosso,2025.0,8.0
Panthera onca,Onça-pintada,Mamífero,VU,Cerrado,Cerrado,8.1,-17.283725,-56.767983,Mato Grosso,2025.0,9.0
Panthera onca,Onça-pintada,Mamífero,VU,Cerrado,Cerrado,8.1,-17.344366,-56.600663,Mato Grosso,2025.0,9.0
Panthera onca,Onça-pintada,Mamífero,VU,Cerrado,Cerrado,8.1,-19.917396,-56.286811,Mato Grosso do Sul,2025.0,9.0
Panthera onca,Onça-pintada,Mamífero,VU,Cerrado,Cerrado,8.1,-17.903516,-57.447972,Mato Grosso do Sul,2025.0,9.0
Panthera onca,Onça-pintada,Mamífero,VU,Cerrado,Cerrado,8.1,-17.040602,-56.734967,Mato Grosso,2025.0,9.0
Panthera onca,Onça-pintada,Mamífero,VU,Cerrado,Cerrado,8.1,-17.352396,-56.760234,Mato Grosso,2025.0,9.0
Panthera onca,Onça-pintada,Mamífero,VU,Cerrado,Cerrado,8.1,-12.85944,-52.301877,Mato Grosso,2025.0,9.0
Panthera onca,Onça-pintada,Mamífero,VU,Cerrado,Cerrado,8.1,-17.304955,-56.770376,Mato Grosso,2025.0,9.0
Panthera onca,Onça-pintada,Mamífero,VU,Cerrado,Cerrado,8.1,-17.352755,-56.746603,Mato Grosso,2025.0,9.0
Panthera onca,Onça-pintada,Mamífero,VU,Cerrado,Cerrado,8.1,-17.360685,-56.74444,Mato Grosso,2025.0,9.0
Panthera onca,Onça-pintada,Mamífero,VU,Cerrado,Cerrado,8.1,-19.881306,-56.293398,Mato Grosso do Sul,2025.0,9.0
Panthera onca,Onça-pintada,Mamífero,VU,Cerrado,Cerrado,8.1,-17.323213,-56.794573,Mato Grosso,2025.0,9.0
Panthera onca,Onça-pintada,Mamífero,VU,Cerrado,Cerrado,8.1,-17.194386,-56.736325,Mato Grosso,2025.0,9.0
Panthera onca,Onça-pintada,Mamífero,VU,Cerrado,Cerrado,8.1,-17.218303,-56.679192,Mato Grosso,2025.0,9.0
Panthera onca,Onça-pintada,Mamífero,VU,Cerrado,Cerrado,8.1,-16.852127,-56.991502,Mato Grosso,2025.0,9.0
Panthera onca,Onça-pintada,Mamífero,VU,Cerrado,Cerrado,8.1,-17.339137,-56.672221,Mato Grosso,2025.0,9.0
Panthera onca,Onça-pintada,Mamífero,VU,Cerrado,Cerrado,8.1,-16.256564,-56.725929,Mato Grosso,2025.0,9.0
Panthera onca,Onça-pintada,Mamífero,VU,Cerrado,Cerrado,8.1,-17.345704,-56.774618,Mato Grosso,2025.0,9.0
Panthera onca,Onça-pintada,Mamífero,VU,Cerrado,Cerrado,8.1,-17.258454,-56.601745,Mato Grosso,2025.0,9.0
Panthera onca,Onça-pintada,Mamífero,VU,Cerrado,Cerrado,8.1,-17.259756,-56.769125,Mato Grosso,2025.0,9.0
Panthera onca,Onça-pintada,Mamífero,VU,Cerrado,Cerrado,8.1,-17.319578,-56.637003,Mato Grosso,2025.0,9.0
Panthera onca,Onça-pintada,Mamífero,VU,Cerrado,Cerrado,8.1,-17.23996,-56.790301,Mato Grosso,2025.0,9.0
Panthera onca,Onça-pintada,Mamífero,VU,Cerrado,Cerrado,8.1,-17.393389,-56.712747,Mato Grosso,2025.0,9.0
Panthera onca,Onça-pintada,Mamífero,VU,Cerrado,Cerrado,8.1,-17.346049,-56.70218,Mato Grosso,2025.0,9.0
Panthera onca,Onça-pintada,Mamífero,VU,Cerrado,Cerrado,8.1,-16.278189,-56.724546,Mato Grosso,2025.0,9.0
Panthera onca,Onça-pintada,Mamífero,VU,Cerrado,Cerrado,8.1,-16.423918,-56.641689,Mato Grosso,2025.0,9.0
Panthera onca,Onça-pintada,Mamífero,VU,Cerrado,Cerrado,8.1,-17.239143,-56.641348,Mato Grosso,2025.0,9.0
Panthera onca,Onça-pintada,Mamífero,VU,Cerrado,Cerrado,8.1,-17.342582,-56.793857,Mato Grosso,2025.0,9.0
Panthera onca,Onça-pintada,Mamífero,VU,Cerrado,Cerrado,8.1,-17.299044,-56.720045,Mato Grosso,2025.0,9.0
Panthera onca,Onça-pintada,Mamífero,VU,Cerrado,Cerrado,8.1,-17.692459,-57.200561,Mato Grosso,2025.0,9.0
Panthera onca,Onça-pintada,Mamífero,VU,Cerrado,Cerrado,8.1,-17.244862,-56.692651,Mato Grosso,2025.0,9.0
Panthera onca,Onça-pintada,Mamífero,VU,Cerrado,Cerrado,8.1,-17.273599,-56.674016,Mato Grosso,2025.0,9.0
Panthera onca,Onça-pintada,Mamífero,VU,Cerrado,Cerrado,8.1,-17.23906,-56.774609,Mato Grosso,2025.0,9.0
Panthera onca,Onça-pintada,Mamífero,VU,Cerrado,Cerrado,8.1,-17.203163,-56.73147,Mato Grosso,2025.0,9.0
Panthera onca,Onça-pintada,Mamífero,VU,Cerrado,Cerrado,8.1,-17.274019,-56.756728,Mato Grosso,2025.0,9.0
Panthera onca,Onça-pintada,Mamífero,VU,Cerrado,Cerrado,8.1,-17.246299,-56.640487,Mato Grosso,2025.0,9.0
Panthera onca,Onça-pintada,Mamífero,VU,Cerrado,Cerrado,8.1,-17.276579,-56.692275,Mato Grosso,2025.0,9.0
Panthera onca,Onça-pintada,Mamífero,VU,Cerrado,Cerrado,8.1,-17.205113,-56.707442,Mato Grosso,2025.0,9.0
Panthera onca,Onça-pintada,Mamífero,VU,Cerrado,Cerrado,8.1,-17.291129,-56.607783,Mato Grosso,2025.0,9.0
Panthera onca,Onça-pintada,Mamífero,VU,Cerrado,Cerrado,8.1,-17.24814,-56.751707,Mato Grosso,2025.0,9.0
Panthera onca,Onça-pintada,Mamífero,VU,Cerrado,Cerrado,8.1,-17.346529,-56.755591,Mato Grosso,2025.0,9.0
Panthera onca,Onça-pintada,Mamífero,VU,Cerrado,Cerrado,8.1,-17.317713,-56.689998,Mato Grosso,2025.0,9.0
Panthera onca,Onça-pintada,Mamífero,VU,Cerrado,Cerrado,8.1,-17.343951,-56.753775,Mato Grosso,2025.0,9.0
Panthera onca,Onça-pintada,Mamífero,VU,Cerrado,Cerrado,8.1,-17.289856,-56.758861,Mato Grosso do Sul,2025.0,9.0
Panthera onca,Onça-pintada,Mamífero,VU,Cerrado,Cerrado,8.1,-17.399403,-56.608569,Mato Grosso do Sul,2025.0,9.0
Panthera onca,Onça-pintada,Mamífero,VU,Cerrado,Cerrado,8.1,-17.248726,-56.603519,Mato Grosso,2025.0,9.0
Panthera onca,Onça-pintada,Mamífero,VU,Cerrado,Cerrado,8.1,-17.303676,-56.699471,Mato Grosso,2025.0,10.0
Panthera onca,Onça-pintada,Mamífero,VU,Cerrado,Cerrado,8.1,-17.303665,-56.756339,Mato Grosso do Sul,2025.0,10.0
Panthera onca,Onça-pintada,Mamífero,VU,Cerrado,Cerrado,8.1,-17.108259,-56.757731,Mato Grosso,2025.0,10.0
Panthera onca,Onça-pintada,Mamífero,VU,Cerrado,Cerrado,8.1,-17.312472,-56.741344,Mato Grosso,2025.0,10.0
Panthera onca,Onça-pintada,Mamífero,VU,Cerrado,Cerrado,8.1,-17.235709,-56.71078,Mato Grosso,2025.0,10.0
Panthera onca,Onça-pintada,Mamífero,VU,Cerrado,Cerrado,8.1,-17.295997,-56.707902,Mato Grosso,2025.0,10.0
Panthera onca,Onça-pintada,Mamífero,VU,Cerrado,Cerrado,8.1,-19.414895,-56.073749,Mato Grosso do Sul,2025.0,10.0
Panthera onca,Onça-pintada,Mamífero,VU,Cerrado,Cerrado,8.1,-17.295068,-56.616182,Mato Grosso,2025.0,10.0
Panthera onca,Onça-pintada,Mamífero,VU,Cerrado,Cerrado,8.1,-17.324287,-56.783823,Mato Grosso do Sul,2025.0,10.0
Panthera onca,Onça-pintada,Mamífero,VU,Cerrado,Cerrado,8.1,-17.3941,-56.672238,Mato Grosso,2025.0,10.0
Panthera onca,Onça-pintada,Mamífero,VU,Cerrado,Cerrado,8.1,-17.2735,-56.633651,Mato Grosso,2025.0,10.0
Panthera onca,Onça-pintada,Mamífero,VU,Cerrado,Cerrado,8.1,-17.284176,-56.621646,Mato Grosso,2025.0,10.0
Panthera onca,Onça-pintada,Mamífero,VU,Cerrado,Cerrado,8.1,-17.300062,-56.657365,Mato Grosso,2025.0,10.0
Panthera onca,Onça-pintada,Mamífero,VU,Cerrado,Cerrado,8.1,-17.261729,-56.688949,Mato Grosso,2025.0,10.0
Panthera onca,Onça-pintada,Mamífero,VU,Cerrado,Cerrado,8.1,-17.286464,-56.735876,Mato Grosso,2025.0,10.0
Panthera onca,Onça-pintada,Mamífero,VU,Cerrado,Cerrado,8.1,-17.218123,-56.754977,Mato Grosso,2025.0,10.0
Panthera onca,Onça-pintada,Mamífero,VU,Cerrado,Cerrado,8.1,-17.298593,-56.676021,Mato Grosso,2025.0,10.0
Panthera onca,Onça-pintada,Mamífero,VU,Cerrado,Cerrado,8.1,-17.33164,-56.618206,Mato Grosso,2025.0,10.0
Panthera onca,Onça-pintada,Mamífero,VU,Cerrado,Cerrado,8.1,-17.244537,-56.644776,Mato Grosso,2025.0,10.0
Panthera onca,Onça-pintada,Mamífero,VU,Cerrado,Cerrado,8.1,-17.255969,-56.760984,Mato Grosso,2025.0,10.0
Panthera onca,Onça-pintada,Mamífero,VU,Cerrado,Cerrado,8.1,-17.280245,-56.73789,Mato Grosso,2025.0,10.0
Panthera onca,Onça-pintada,Mamífero,VU,Cerrado,Cerrado,8.1,-17.371459,-56.715159,Mato Grosso,2025.0,10.0
Panthera onca,Onça-pintada,Mamífero,VU,Cerrado,Cerrado,8.1,-17.334964,-56.7455,Mato Grosso,2025.0,10.0
Panthera onca,Onça-pintada,Mamífero,VU,Cerrado,Cerrado,8.1,-17.227236,-56.653861,Mato Grosso,2025.0,10.0
Panthera onca,Onça-pintada,Mamífero,VU,Cerrado,Cerrado,8.1,-17.244447,-56.673188,Mato Grosso,2025.0,10.0
Panthera onca,Onça-pintada,Mamífero,VU,Cerrado,Cerrado,8.1,-17.233271,-56.709631,Mato Grosso do Sul,2025.0,10.0
Panthera onca,Onça-pintada,Mamífero,VU,Cerrado,Cerrado,8.1,-17.300429,-56.669136,Mato Grosso,2025.0,10.0
Panthera onca,Onça-pintada,Mamífero,VU,Cerrado,Cerrado,8.1,-17.354383,-56.796719,Mato Grosso,2025.0,10.0
Panthera onca,Onça-pintada,Mamífero,VU,Cerrado,Cerrado,8.1,-17.330956,-56.649647,Mato Grosso,2025.0,10.0
Panthera onca,Onça-pintada,Mamífero,VU,Cerrado,Cerrado,8.1,-17.24308,-56.791448,Mato Grosso,2025.0,10.0
Panthera onca,Onça-pintada,Mamífero,VU,Cerrado,Cerrado,8.1,-17.294812,-56.716042,Mato Grosso,2025.0,10.0
Panthera onca,Onça-pintada,Mamífero,VU,Cerrado,Cerrado,8.1,-17.399808,-56.761504,Mato Grosso,2025.0,10.0
Panthera onca,Onça-pintada,Mamífero,VU,Cerrado,Cerrado,8.1,-17.313092,-56.7452,Mato Grosso,2025.0,10.0
Panthera onca,Onça-pintada,Mamífero,VU,Cerrado,Cerrado,8.1,-15.595952,-56.149654,Mato Grosso,2025.0,10.0
Panthera onca,Onça-pintada,Mamífero,VU,Cerrado,Cerrado,8.1,-15.449811,-56.032414,Mato Grosso,2025.0,10.0
Panthera onca,Onça-pintada,Mamífero,VU,Cerrado,Cerrado,8.1,-15.489104,-56.046289,Mato Grosso,2025.0,10.0
Panthera onca,Onça-pintada,Mamífero,VU,Cerrado,Cerrado,8.1,-15.59077,-56.175076,Mato Grosso,2025.0,10.0
Panthera onca,Onça-pintada,Mamífero,VU,Cerrado,Cerrado,8.1,-15.472421,-56.090858,Mato Grosso,2025.0,10.0
Panthera onca,Onça-pintada,Mamífero,VU,Cerrado,Cerrado,8.1,-15.409035,-56.002802,Mato Grosso,2025.0,10.0
Panthera onca,Onça-pintada,Mamífero,VU,Cerrado,Cerrado,8.1,-17.219776,-56.790729,Mato Grosso,2025.0,10.0
Panthera onca,Onça-pintada,Mamífero,VU,Cerrado,Cerrado,8.1,-17.363028,-56.738698,Mato Grosso,2025.0,10.0
Panthera onca,Onça-pintada,Mamífero,VU,Cerrado,Cerrado,8.1,-17.227804,-56.613706,Mato Grosso,2025.0,10.0
Panthera onca,Onça-pintada,Mamífero,VU,Cerrado,Cerrado,8.1,-17.368317,-56.642034,Mato Grosso do Sul,2025.0,10.0
Panthera onca,Onça-pintada,Mamífero,VU,Cerrado,Cerrado,8.1,-17.35821,-56.603715,Mato Grosso,2025.0,10.0
Panthera onca,Onça-pintada,Mamífero,VU,Cerrado,Cerrado,8.1,-17.399881,-56.651987,Mato Grosso,2025.0,10.0
Panthera onca,Onça-pintada,Mamífero,VU,Cerrado,Cerrado,8.1,-17.244664,-56.703914,Mato Grosso,2025.0,10.0
Panthera onca,Onça-pintada,Mamífero,VU,Cerrado,Cerrado,8.1,-16.096133,-56.396465,Mato Grosso,2025.0,10.0
Panthera onca,Onça-pintada,Mamífero,VU,Cerrado,Cerrado,8.1,-17.21539,-56.760704,Mato Grosso,2025.0,10.0
Panthera onca,Onça-pintada,Mamífero,VU,Cerrado,Cerrado,8.1,-17.263684,-56.796425,Mato Grosso,2025.0,10.0
Panthera onca,Onça-pintada,Mamífero,VU,Cerrado,Cerrado,8.1,-17.329123,-56.756729,Mato Grosso,2025.0,10.0
Panthera onca,Onça-pintada,Mamífero,VU,Cerrado,Cerrado,8.1,-17.312072,-56.632433,Mato Grosso do Sul,2025.0,10.0
Panthera onca,Onça-pintada,Mamífero,VU,Cerrado,Cerrado,8.1,-17.384614,-56.634159,Mato Grosso,2025.0,10.0
Panthera onca,Onça-pintada,Mamífero,VU,Cerrado,Cerrado,8.1,-17.246499,-56.745065,Mato Grosso do Sul,2025.0,10.0
Panthera onca,Onça-pintada,Mamífero,VU,Cerrado,Cerrado,8.1,-17.377522,-56.680684,Mato Grosso do Sul,2025.0,10.0
Panthera onca,Onça-pintada,Mamífero,VU,Cerrado,Cerrado,8.1,-16.573257,-56.648725,Mato Grosso,2025.0,10.0
Panthera onca,Onça-pintada,Mamífero,VU,Cerrado,Cerrado,8.1,-16.548268,-56.763088,Mato Grosso,2025.0,11.0
Panthera onca,Onça-pintada,Mamífero,VU,Cerrado,Cerrado,8.1,-16.406675,-56.664589,Mato Grosso,2025.0,11.0
Panthera onca,Onça-pintada,Mamífero,VU,Cerrado,Cerrado,8.1,-16.454183,-56.632185,Mato Grosso,2025.0,11.0
Panthera onca,Onça-pintada,Mamífero,VU,Cerrado,Cerrado,8.1,-16.552651,-56.706215,Mato Grosso,2025.0,11.0
Panthera onca,Onça-pintada,Mamífero,VU,Cerrado,Cerrado,8.1,-17.346728,-56.764971,Mato Grosso,2025.0,11.0
Panthera onca,Onça-pintada,Mamífero,VU,Cerrado,Cerrado,8.1,-19.827871,-56.274327,Mato Grosso do Sul,2025.0,11.0
Panthera onca,Onça-pintada,Mamífero,VU,Cerrado,Cerrado,8.1,-19.157466,-56.727241,Mato Grosso do Sul,2025.0,11.0
Panthera onca,Onça-pintada,Mamífero,VU,Cerrado,Cerrado,8.1,-19.855008,-56.38571,Mato Grosso do Sul,2025.0,11.0
Panthera onca,Onça-pintada,Mamífero,VU,Cerrado,Cerrado,8.1,-16.413518,-56.662526,Mato Grosso,2025.0,11.0
Panthera onca,Onça-pintada,Mamífero,VU,Cerrado,Cerrado,8.1,-16.210973,-56.73235,Mato Grosso,2025.0,11.0
Panthera onca,Onça-pintada,Mamífero,VU,Cerrado,Cerrado,8.1,-16.566948,-56.753634,Mato Grosso,2025.0,11.0
Panthera onca,Onça-pintada,Mamífero,VU,Cerrado,Cerrado,8.1,-19.468396,-56.083947,Mato Grosso do Sul,2025.0,12.0
Panthera onca,Onça-pintada,Mamífero,VU,Cerrado,Cerrado,8.1,-19.509031,-56.121274,Mato Grosso do Sul,2025.0,12.0
Panthera onca,Onça-pintada,Mamífero,VU,Cerrado,Cerrado,8.1,-16.335903,-56.686448,Mato Grosso,2025.0,12.0
Panthera onca,Onça-pintada,Mamífero,VU,Cerrado,Cerrado,8.1,-19.647901,-56.335014,Mato Grosso do Sul,2025.0,12.0
Panthera onca,Onça-pintada,Mamífero,VU,Cerrado,Cerrado,8.1,-17.239688,-56.610233,Mato Grosso,2024.0,1.0
Panthera onca,Onça-pintada,Mamífero,VU,Cerrado,Cerrado,8.1,-16.904001,-48.517231,Goiás,2024.0,2.0
Panthera onca,Onça-pintada,Mamífero,VU,Cerrado,Cerrado,8.1,-17.229828,-56.6551,Mato Grosso,2024.0,2.0
Panthera onca,Onça-pintada,Mamífero,VU,Cerrado,Cerrado,8.1,-17.2557,-56.633028,Mato Grosso,2024.0,2.0
Panthera onca,Onça-pintada,Mamífero,VU,Cerrado,Cerrado,8.1,-17.307809,-56.766599,Mato Grosso,2024.0,3.0
Panthera onca,Onça-pintada,Mamífero,VU,Cerrado,Cerrado,8.1,-20.164127,-56.542522,Mato Grosso do Sul,2024.0,4.0
Panthera onca,Onça-pintada,Mamífero,VU,Cerrado,Cerrado,8.1,-19.823578,-56.282176,Mato Grosso do Sul,2024.0,4.0
Panthera onca,Onça-pintada,Mamífero,VU,Cerrado,Cerrado,8.1,-19.86413,-56.316379,Mato Grosso do Sul,2024.0,4.0
Panthera onca,Onça-pintada,Mamífero,VU,Cerrado,Cerrado,8.1,-19.926186,-56.341645,Mato Grosso do Sul,2024.0,4.0
Panthera onca,Onça-pintada,Mamífero,VU,Cerrado,Cerrado,8.1,-19.426,-56.1549,,2024.0,4.0
Panthera onca,Onça-pintada,Mamífero,VU,Cerrado,Cerrado,8.1,-19.573527,-57.169275,Mato Grosso do Sul,2024.0,5.0
Panthera onca,Onça-pintada,Mamífero,VU,Cerrado,Cerrado,8.1,-18.035406,-57.477736,Mato Grosso do Sul,2024.0,5.0
Panthera onca,Onça-pintada,Mamífero,VU,Cerrado,Cerrado,8.1,-17.238432,-56.679274,Mato Grosso,2024.0,6.0
Panthera onca,Onça-pintada,Mamífero,VU,Cerrado,Cerrado,8.1,-16.655429,-56.988573,Mato Grosso,2024.0,6.0
Panthera onca,Onça-pintada,Mamífero,VU,Cerrado,Cerrado,8.1,-17.382332,-56.778545,Mato Grosso,2024.0,6.0
Panthera onca,Onça-pintada,Mamífero,VU,Cerrado,Cerrado,8.1,-17.257688,-56.620364,Mato Grosso,2024.0,6.0
Panthera onca,Onça-pintada,Mamífero,VU,Cerrado,Cerrado,8.1,-17.28612,-56.738717,Mato Grosso,2024.0,6.0
Panthera onca,Onça-pintada,Mamífero,VU,Cerrado,Cerrado,8.1,-16.315895,-56.679749,Mato Grosso,2024.0,6.0
Panthera onca,Onça-pintada,Mamífero,VU,Cerrado,Cerrado,8.1,-19.958794,-56.299563,Mato Grosso do Sul,2024.0,6.0
Panthera onca,Onça-pintada,Mamífero,VU,Cerrado,Cerrado,8.1,-19.826652,-56.273202,Mato Grosso do Sul,2024.0,6.0
Panthera onca,Onça-pintada,Mamífero,VU,Cerrado,Cerrado,8.1,-17.291208,-56.646402,Mato Grosso,2024.0,6.0
Panthera onca,Onça-pintada,Mamífero,VU,Cerrado,Cerrado,8.1,-17.323961,-56.785909,Mato Grosso,2024.0,6.0
Panthera onca,Onça-pintada,Mamífero,VU,Cerrado,Cerrado,8.1,-19.979149,-56.38689,Mato Grosso do Sul,2024.0,6.0
Panthera onca,Onça-pintada,Mamífero,VU,Cerrado,Cerrado,8.1,-17.273052,-56.616897,Mato Grosso,2024.0,6.0
Panthera onca,Onça-pintada,Mamífero,VU,Cerrado,Cerrado,8.1,-17.317586,-56.619142,Mato Grosso,2024.0,6.0
Panthera onca,Onça-pintada,Mamífero,VU,Cerrado,Cerrado,8.1,-17.382335,-56.772696,Mato Grosso,2024.0,6.0
Panthera onca,Onça-pintada,Mamífero,VU,Cerrado,Cerrado,8.1,-17.255641,-56.691448,Mato Grosso,2024.0,6.0
Panthera onca,Onça-pintada,Mamífero,VU,Cerrado,Cerrado,8.1,-17.23066,-56.614717,Mato Grosso,2024.0,6.0
Panthera onca,Onça-pintada,Mamífero,VU,Cerrado,Cerrado,8.1,-17.304884,-56.700618,Mato Grosso,2024.0,6.0
Panthera onca,Onça-pintada,Mamífero,VU,Cerrado,Cerrado,8.1,-17.300529,-56.650707,Mato Grosso,2024.0,6.0
Panthera onca,Onça-pintada,Mamífero,VU,Cerrado,Cerrado,8.1,-17.220671,-56.79051,Mato Grosso,2024.0,6.0
Panthera onca,Onça-pintada,Mamífero,VU,Cerrado,Cerrado,8.1,-17.203052,-56.689853,Mato Grosso,2024.0,7.0
Panthera onca,Onça-pintada,Mamífero,VU,Cerrado,Cerrado,8.1,-19.970474,-56.27086,Mato Grosso do Sul,2024.0,7.0
Panthera onca,Onça-pintada,Mamífero,VU,Cerrado,Cerrado,8.1,-17.353275,-56.638646,Mato Grosso,2024.0,7.0
Panthera onca,Onça-pintada,Mamífero,VU,Cerrado,Cerrado,8.1,-17.283331,-56.630021,Mato Grosso,2024.0,7.0
Panthera onca,Onça-pintada,Mamífero,VU,Cerrado,Cerrado,8.1,-17.242521,-56.730942,Mato Grosso,2024.0,7.0
Panthera onca,Onça-pintada,Mamífero,VU,Cerrado,Cerrado,8.1,-17.294656,-56.714626,Mato Grosso,2024.0,7.0
Panthera onca,Onça-pintada,Mamífero,VU,Cerrado,Cerrado,8.1,-17.238388,-56.799247,Mato Grosso,2024.0,7.0
Panthera onca,Onça-pintada,Mamífero,VU,Cerrado,Cerrado,8.1,-17.265908,-56.628586,Mato Grosso,2024.0,7.0
Panthera onca,Onça-pintada,Mamífero,VU,Cerrado,Cerrado,8.1,-17.256548,-56.70703,Mato Grosso,2024.0,7.0
Panthera onca,Onça-pintada,Mamífero,VU,Cerrado,Cerrado,8.1,-17.284517,-56.781981,Mato Grosso,2024.0,7.0
Panthera onca,Onça-pintada,Mamífero,VU,Cerrado,Cerrado,8.1,-17.39576,-56.747872,Mato Grosso,2024.0,7.0
Panthera onca,Onça-pintada,Mamífero,VU,Cerrado,Cerrado,8.1,-17.35386,-56.797726,Mato Grosso,2024.0,7.0
Panthera onca,Onça-pintada,Mamífero,VU,Cerrado,Cerrado,8.1,-17.315658,-56.677766,Mato Grosso,2024.0,7.0
Panthera onca,Onça-pintada,Mamífero,VU,Cerrado,Cerrado,8.1,-17.37336,-56.630322,Mato Grosso,2024.0,7.0
Panthera onca,Onça-pintada,Mamífero,VU,Cerrado,Cerrado,8.1,-17.221087,-56.741028,Mato Grosso,2024.0,7.0
Panthera onca,Onça-pintada,Mamífero,VU,Cerrado,Cerrado,8.1,-19.425687,-57.078442,Mato Grosso do Sul,2024.0,7.0
Panthera onca,Onça-pintada,Mamífero,VU,Cerrado,Cerrado,8.1,-17.201932,-56.694083,Mato Grosso,2024.0,8.0
Panthera onca,Onça-pintada,Mamífero,VU,Cerrado,Cerrado,8.1,-17.211455,-56.625783,Mato Grosso,2024.0,8.0
Panthera onca,Onça-pintada,Mamífero,VU,Cerrado,Cerrado,8.1,-17.382327,-56.777303,Mato Grosso,2024.0,8.0
Panthera onca,Onça-pintada,Mamífero,VU,Cerrado,Cerrado,8.1,-17.262411,-56.612256,Mato Grosso,2024.0,8.0
Panthera onca,Onça-pintada,Mamífero,VU,Cerrado,Cerrado,8.1,-17.23576,-56.675564,Mato Grosso,2024.0,8.0
Panthera onca,Onça-pintada,Mamífero,VU,Cerrado,Cerrado,8.1,-17.398357,-56.656568,Mato Grosso,2024.0,8.0
Panthera onca,Onça-pintada,Mamífero,VU,Cerrado,Cerrado,8.1,-17.397391,-56.799334,Mato Grosso,2024.0,8.0
Panthera onca,Onça-pintada,Mamífero,VU,Cerrado,Cerrado,8.1,-17.731402,-57.346938,Mato Grosso,2024.0,8.0
Panthera onca,Onça-pintada,Mamífero,VU,Cerrado,Cerrado,8.1,-17.211746,-56.602021,Mato Grosso,2024.0,8.0
Panthera onca,Onça-pintada,Mamífero,VU,Cerrado,Cerrado,8.1,-17.123972,-56.77886,Mato Grosso,2024.0,8.0
Panthera onca,Onça-pintada,Mamífero,VU,Cerrado,Cerrado,8.1,-17.266437,-56.603421,Mato Grosso,2024.0,8.0
Panthera onca,Onça-pintada,Mamífero,VU,Cerrado,Cerrado,8.1,-17.389666,-56.662592,Mato Grosso do Sul,2024.0,8.0
Panthera onca,Onça-pintada,Mamífero,VU,Cerrado,Cerrado,8.1,-17.213158,-56.644799,Mato Grosso,2024.0,8.0
Panthera onca,Onça-pintada,Mamífero,VU,Cerrado,Cerrado,8.1,-18.901504,-57.609453,Mato Grosso do Sul,2024.0,8.0
Panthera onca,Onça-pintada,Mamífero,VU,Cerrado,Cerrado,8.1,-17.394686,-56.706085,Mato Grosso do Sul,2024.0,8.0
Panthera onca,Onça-pintada,Mamífero,VU,Cerrado,Cerrado,8.1,-17.320036,-56.604771,Mato Grosso,2024.0,8.0
Panthera onca,Onça-pintada,Mamífero,VU,Cerrado,Cerrado,8.1,-17.281525,-56.797334,Mato Grosso,2024.0,8.0
Panthera onca,Onça-pintada,Mamífero,VU,Cerrado,Cerrado,8.1,-17.324206,-56.751287,Mato Grosso,2024.0,8.0
Panthera onca,Onça-pintada,Mamífero,VU,Cerrado,Cerrado,8.1,-17.353042,-56.600955,Mato Grosso,2024.0,8.0
Panthera onca,Onça-pintada,Mamífero,VU,Cerrado,Cerrado,8.1,-18.943217,-57.750086,Mato Grosso do Sul,2024.0,8.0
Panthera onca,Onça-pintada,Mamífero,VU,Cerrado,Cerrado,8.1,-18.73831,-57.66686,Mato Grosso do Sul,2024.0,8.0
Panthera onca,Onça-pintada,Mamífero,VU,Cerrado,Cerrado,8.1,-17.376885,-56.744318,Mato Grosso do Sul,2024.0,8.0
Panthera onca,Onça-pintada,Mamífero,VU,Cerrado,Cerrado,8.1,-17.239868,-56.695493,Mato Grosso do Sul,2024.0,8.0
Panthera onca,Onça-pintada,Mamífero,VU,Cerrado,Cerrado,8.1,-18.854912,-57.683748,Mato Grosso do Sul,2024.0,8.0
Panthera onca,Onça-pintada,Mamífero,VU,Cerrado,Cerrado,8.1,-17.276261,-56.722982,Mato Grosso do Sul,2024.0,8.0
Panthera onca,Onça-pintada,Mamífero,VU,Cerrado,Cerrado,8.1,-17.29816,-56.677996,Mato Grosso do Sul,2024.0,8.0
Panthera onca,Onça-pintada,Mamífero,VU,Cerrado,Cerrado,8.1,-17.268598,-56.656363,Mato Grosso do Sul,2024.0,8.0
Panthera onca,Onça-pintada,Mamífero,VU,Cerrado,Cerrado,8.1,-17.222205,-56.734795,Mato Grosso do Sul,2024.0,8.0
Panthera onca,Onça-pintada,Mamífero,VU,Cerrado,Cerrado,8.1,-17.265296,-56.640846,Mato Grosso,2024.0,8.0
Panthera onca,Onça-pintada,Mamífero,VU,Cerrado,Cerrado,8.1,-17.357572,-56.779083,Mato Grosso do Sul,2024.0,8.0
Panthera onca,Onça-pintada,Mamífero,VU,Cerrado,Cerrado,8.1,-17.133456,-56.728182,Mato Grosso,2024.0,8.0
Panthera onca,Onça-pintada,Mamífero,VU,Cerrado,Cerrado,8.1,-17.31837,-56.755414,Mato Grosso,2024.0,8.0
Panthera onca,Onça-pintada,Mamífero,VU,Cerrado,Cerrado,8.1,-17.344212,-56.654679,Mato Grosso,2024.0,8.0
Panthera onca,Onça-pintada,Mamífero,VU,Cerrado,Cerrado,8.1,-17.227118,-56.700736,Mato Grosso,2024.0,8.0
Panthera onca,Onça-pintada,Mamífero,VU,Cerrado,Cerrado,8.1,-17.282748,-56.772631,Mato Grosso,2024.0,8.0
Panthera onca,Onça-pintada,Mamífero,VU,Cerrado,Cerrado,8.1,-17.018323,-56.697051,Mato Grosso,2024.0,8.0
Panthera onca,Onça-pintada,Mamífero,VU,Cerrado,Cerrado,8.1,-17.287523,-56.67288,Mato Grosso,2024.0,8.0
Panthera onca,Onça-pintada,Mamífero,VU,Cerrado,Cerrado,8.1,-16.74101,-56.988151,Mato Grosso,2024.0,8.0
Panthera onca,Onça-pintada,Mamífero,VU,Cerrado,Cerrado,8.1,-17.634509,-57.231744,Mato Grosso,2024.0,8.0
Panthera onca,Onça-pintada,Mamífero,VU,Cerrado,Cerrado,8.1,-17.361016,-56.609131,Mato Grosso,2024.0,8.0
Panthera onca,Onça-pintada,Mamífero,VU,Cerrado,Cerrado,8.1,-17.25538,-56.602693,Mato Grosso,2024.0,8.0
Panthera onca,Onça-pintada,Mamífero,VU,Cerrado,Cerrado,8.1,-17.281501,-56.630881,Mato Grosso do Sul,2024.0,8.0
Panthera onca,Onça-pintada,Mamífero,VU,Cerrado,Cerrado,8.1,-17.343563,-56.740663,Mato Grosso,2024.0,8.0
Panthera onca,Onça-pintada,Mamífero,VU,Cerrado,Cerrado,8.1,-17.243486,-56.667059,Mato Grosso,2024.0,8.0
Panthera onca,Onça-pintada,Mamífero,VU,Cerrado,Cerrado,8.1,-17.288879,-56.720663,Mato Grosso,2024.0,8.0
Panthera onca,Onça-pintada,Mamífero,VU,Cerrado,Cerrado,8.1,-17.351608,-56.717989,Mato Grosso,2024.0,8.0
Panthera onca,Onça-pintada,Mamífero,VU,Cerrado,Cerrado,8.1,-17.230788,-56.679897,Mato Grosso,2024.0,8.0
Panthera onca,Onça-pintada,Mamífero,VU,Cerrado,Cerrado,8.1,-13.147923,-46.460604,Goiás,2024.0,8.0
Panthera onca,Onça-pintada,Mamífero,VU,Cerrado,Cerrado,8.1,-17.800005,-57.218691,Mato Grosso do Sul,2024.0,8.0
Panthera onca,Onça-pintada,Mamífero,VU,Cerrado,Cerrado,8.1,-14.296323,-57.288254,Mato Grosso,2024.0,8.0
Panthera onca,Onça-pintada,Mamífero,VU,Cerrado,Cerrado,8.1,-17.283446,-56.665682,Mato Grosso,2024.0,8.0
Panthera onca,Onça-pintada,Mamífero,VU,Cerrado,Cerrado,8.1,-17.220226,-56.608043,Mato Grosso,2024.0,9.0
Panthera onca,Onça-pintada,Mamífero,VU,Cerrado,Cerrado,8.1,-17.335997,-56.670984,Mato Grosso,2024.0,9.0
Panthera onca,Onça-pintada,Mamífero,VU,Cerrado,Cerrado,8.1,-17.354481,-56.704921,Mato Grosso,2024.0,9.0
Panthera onca,Onça-pintada,Mamífero,VU,Cerrado,Cerrado,8.1,-14.921754,-45.941311,Bahia,2024.0,9.0
Panthera onca,Onça-pintada,Mamífero,VU,Cerrado,Cerrado,8.1,-17.219924,-56.421028,Mato Grosso do Sul,2024.0,9.0
Panthera onca,Onça-pintada,Mamífero,VU,Cerrado,Cerrado,8.1,-17.240202,-56.665733,Mato Grosso,2024.0,9.0
Panthera onca,Onça-pintada,Mamífero,VU,Cerrado,Cerrado,8.1,-17.30611,-56.692448,Mato Grosso,2024.0,9.0
Panthera onca,Onça-pintada,Mamífero,VU,Cerrado,Cerrado,8.1,-17.334237,-56.71854,Mato Grosso do Sul,2024.0,9.0
Panthera onca,Onça-pintada,Mamífero,VU,Cerrado,Cerrado,8.1,-17.301643,-56.692342,Mato Grosso,2024.0,9.0
Panthera onca,Onça-pintada,Mamífero,VU,Cerrado,Cerrado,8.1,-17.354028,-56.633565,Mato Grosso,2024.0,9.0
Panthera onca,Onça-pintada,Mamífero,VU,Cerrado,Cerrado,8.1,-17.660645,-57.253695,Mato Grosso,2024.0,9.0
Panthera onca,Onça-pintada,Mamífero,VU,Cerrado,Cerrado,8.1,-17.793524,-57.289196,Mato Grosso,2024.0,9.0
Panthera onca,Onça-pintada,Mamífero,VU,Cerrado,Cerrado,8.1,-17.350725,-56.686757,Mato Grosso,2024.0,9.0
Panthera onca,Onça-pintada,Mamífero,VU,Cerrado,Cerrado,8.1,-19.494962,-56.26293,Mato Grosso do Sul,2024.0,9.0
Panthera onca,Onça-pintada,Mamífero,VU,Cerrado,Cerrado,8.1,-17.274639,-56.649211,Mato Grosso do Sul,2024.0,9.0
Panthera onca,Onça-pintada,Mamífero,VU,Cerrado,Cerrado,8.1,-17.366257,-56.668851,Mato Grosso,2024.0,9.0
Panthera onca,Onça-pintada,Mamífero,VU,Cerrado,Cerrado,8.1,-17.383944,-56.786776,Mato Grosso,2024.0,10.0
Panthera onca,Onça-pintada,Mamífero,VU,Cerrado,Cerrado,8.1,-19.503872,-56.035741,Mato Grosso do Sul,2024.0,10.0
Panthera onca,Onça-pintada,Mamífero,VU,Cerrado,Cerrado,8.1,-17.368153,-56.757129,Mato Grosso do Sul,2024.0,10.0
Panthera onca,Onça-pintada,Mamífero,VU,Cerrado,Cerrado,8.1,-17.329792,-56.682165,Mato Grosso,2024.0,10.0
Panthera onca,Onça-pintada,Mamífero,VU,Cerrado,Cerrado,8.1,-17.316694,-56.660769,Mato Grosso,2024.0,10.0
Panthera onca,Onça-pintada,Mamífero,VU,Cerrado,Cerrado,8.1,-19.785869,-56.062309,Mato Grosso do Sul,2024.0,10.0
Panthera onca,Onça-pintada,Mamífero,VU,Cerrado,Cerrado,8.1,-19.477939,-56.044794,Mato Grosso do Sul,2024.0,10.0
Panthera onca,Onça-pintada,Mamífero,VU,Cerrado,Cerrado,8.1,-17.20841,-56.667015,Mato Grosso,2024.0,10.0
Panthera onca,Onça-pintada,Mamífero,VU,Cerrado,Cerrado,8.1,-17.307471,-56.727368,Mato Grosso do Sul,2024.0,10.0
Panthera onca,Onça-pintada,Mamífero,VU,Cerrado,Cerrado,8.1,-17.265286,-56.62153,Mato Grosso do Sul,2024.0,10.0
Panthera onca,Onça-pintada,Mamífero,VU,Cerrado,Cerrado,8.1,-17.280812,-56.672132,Mato Grosso,2024.0,10.0
Panthera onca,Onça-pintada,Mamífero,VU,Cerrado,Cerrado,8.1,-17.236674,-56.690504,Mato Grosso,2024.0,10.0
Panthera onca,Onça-pintada,Mamífero,VU,Cerrado,Cerrado,8.1,-17.319668,-56.623853,Mato Grosso,2024.0,10.0
Panthera onca,Onça-pintada,Mamífero,VU,Cerrado,Cerrado,8.1,-17.376484,-56.6109,Mato Grosso,2024.0,10.0
Panthera onca,Onça-pintada,Mamífero,VU,Cerrado,Cerrado,8.1,-19.599991,-56.131585,Mato Grosso do Sul,2024.0,10.0
Panthera onca,Onça-pintada,Mamífero,VU,Cerrado,Cerrado,8.1,-17.377278,-56.745894,Mato Grosso,2024.0,10.0
Panthera onca,Onça-pintada,Mamífero,VU,Cerrado,Cerrado,8.1,-17.390407,-56.790076,Mato Grosso,2024.0,10.0
Panthera onca,Onça-pintada,Mamífero,VU,Cerrado,Cerrado,8.1,-17.274768,-56.703696,Mato Grosso,2024.0,10.0
Panthera onca,Onça-pintada,Mamífero,VU,Cerrado,Cerrado,8.1,-17.33918,-56.74507,Mato Grosso,2024.0,10.0
Panthera onca,Onça-pintada,Mamífero,VU,Cerrado,Cerrado,8.1,-17.334791,-56.797064,Mato Grosso,2024.0,10.0
Panthera onca,Onça-pintada,Mamífero,VU,Cerrado,Cerrado,8.1,-17.337882,-56.70427,Mato Grosso,2024.0,10.0
Panthera onca,Onça-pintada,Mamífero,VU,Cerrado,Cerrado,8.1,-17.386756,-56.77486,Mato Grosso do Sul,2024.0,10.0
Panthera onca,Onça-pintada,Mamífero,VU,Cerrado,Cerrado,8.1,-17.387177,-56.798152,Mato Grosso,2024.0,10.0
Panthera onca,Onça-pintada,Mamífero,VU,Cerrado,Cerrado,8.1,-16.587672,-56.70229,Mato Grosso,2024.0,10.0
Panthera onca,Onça-pintada,Mamífero,VU,Cerrado,Cerrado,8.1,-19.53537,-56.195735,Mato Grosso do Sul,2024.0,10.0
Panthera onca,Onça-pintada,Mamífero,VU,Cerrado,Cerrado,8.1,-17.227505,-56.768885,Mato Grosso,2024.0,10.0
Panthera onca,Onça-pintada,Mamífero,VU,Cerrado,Cerrado,8.1,-16.295703,-56.671319,Mato Grosso,2024.0,10.0
Panthera onca,Onça-pintada,Mamífero,VU,Cerrado,Cerrado,8.1,-17.287313,-56.67044,Mato Grosso do Sul,2024.0,10.0
Panthera onca,Onça-pintada,Mamífero,VU,Cerrado,Cerrado,8.1,-17.289796,-56.619097,Mato Grosso do Sul,2024.0,10.0
Panthera onca,Onça-pintada,Mamífero,VU,Cerrado,Cerrado,8.1,-17.342279,-56.697272,Mato Grosso,2024.0,10.0
Panthera onca,Onça-pintada,Mamífero,VU,Cerrado,Cerrado,8.1,-17.881729,-55.26539,Mato Grosso do Sul,2024.0,10.0
Panthera onca,Onça-pintada,Mamífero,VU,Cerrado,Cerrado,8.1,-17.301527,-56.612839,Mato Grosso,2024.0,10.0
Panthera onca,Onça-pintada,Mamífero,VU,Cerrado,Cerrado,8.1,-17.230902,-56.673477,Mato Grosso,2024.0,10.0
Panthera onca,Onça-pintada,Mamífero,VU,Cerrado,Cerrado,8.1,-17.325548,-56.660629,Mato Grosso,2024.0,10.0
Panthera onca,Onça-pintada,Mamífero,VU,Cerrado,Cerrado,8.1,-17.284029,-56.649091,Mato Grosso,2024.0,10.0
Panthera onca,Onça-pintada,Mamífero,VU,Cerrado,Cerrado,8.1,-17.210886,-56.647366,Mato Grosso do Sul,2024.0,10.0
Panthera onca,Onça-pintada,Mamífero,VU,Cerrado,Cerrado,8.1,-17.209606,-56.654024,Mato Grosso,2024.0,10.0
Panthera onca,Onça-pintada,Mamífero,VU,Cerrado,Cerrado,8.1,-17.26192,-56.70855,Mato Grosso,2024.0,10.0
Panthera onca,Onça-pintada,Mamífero,VU,Cerrado,Cerrado,8.1,-17.39343,-56.625621,Mato Grosso,2024.0,10.0
Panthera onca,Onça-pintada,Mamífero,VU,Cerrado,Cerrado,8.1,-17.31125,-56.691358,Mato Grosso,2024.0,10.0
Panthera onca,Onça-pintada,Mamífero,VU,Cerrado,Cerrado,8.1,-17.375875,-56.776967,Mato Grosso,2024.0,10.0
Panthera onca,Onça-pintada,Mamífero,VU,Cerrado,Cerrado,8.1,-17.373679,-56.682476,Mato Grosso,2024.0,10.0
Panthera onca,Onça-pintada,Mamífero,VU,Cerrado,Cerrado,8.1,-17.351605,-56.794818,Mato Grosso,2024.0,10.0
Panthera onca,Onça-pintada,Mamífero,VU,Cerrado,Cerrado,8.1,-17.295817,-56.751849,Mato Grosso do Sul,2024.0,10.0
Panthera onca,Onça-pintada,Mamífero,VU,Cerrado,Cerrado,8.1,-17.349653,-56.682308,Mato Grosso,2024.0,10.0
Panthera onca,Onça-pintada,Mamífero,VU,Cerrado,Cerrado,8.1,-17.219481,-56.785955,Mato Grosso,2024.0,10.0
Panthera onca,Onça-pintada,Mamífero,VU,Cerrado,Cerrado,8.1,-17.708825,-57.257964,Mato Grosso,2024.0,10.0
Panthera onca,Onça-pintada,Mamífero,VU,Cerrado,Cerrado,8.1,-15.181889,-48.941521,Goiás,2024.0,10.0
Panthera onca,Onça-pintada,Mamífero,VU,Cerrado,Cerrado,8.1,-17.320192,-56.612852,Mato Grosso,2024.0,10.0
Panthera onca,Onça-pintada,Mamífero,VU,Cerrado,Cerrado,8.1,-17.20317,-56.7604,Mato Grosso,2024.0,10.0
Panthera onca,Onça-pintada,Mamífero,VU,Cerrado,Cerrado,8.1,-17.276289,-56.77961,Mato Grosso,2024.0,10.0
Panthera onca,Onça-pintada,Mamífero,VU,Cerrado,Cerrado,8.1,-17.283235,-56.751053,Mato Grosso,2024.0,10.0
Panthera onca,Onça-pintada,Mamífero,VU,Cerrado,Cerrado,8.1,-17.319781,-56.615051,Mato Grosso,2024.0,10.0
Panthera onca,Onça-pintada,Mamífero,VU,Cerrado,Cerrado,8.1,-17.387754,-56.666739,Mato Grosso,2024.0,10.0
Panthera onca,Onça-pintada,Mamífero,VU,Cerrado,Cerrado,8.1,-17.352544,-56.722389,Mato Grosso,2024.0,10.0
Panthera onca,Onça-pintada,Mamífero,VU,Cerrado,Cerrado,8.1,-17.20533,-56.736283,Mato Grosso,2024.0,10.0
Panthera onca,Onça-pintada,Mamífero,VU,Cerrado,Cerrado,8.1,-14.886039,-45.90695,Bahia,2024.0,11.0
Panthera onca,Onça-pintada,Mamífero,VU,Cerrado,Cerrado,8.1,-13.145738,-52.483162,Mato Grosso,2024.0,11.0
Panthera onca,Onça-pintada,Mamífero,VU,Cerrado,Cerrado,8.1,-16.830813,-56.013966,Mato Grosso,2024.0,11.0
Panthera onca,Onça-pintada,Mamífero,VU,Cerrado,Cerrado,8.1,-16.882508,-56.102221,Mato Grosso,2024.0,11.0
Panthera onca,Onça-pintada,Mamífero,VU,Cerrado,Cerrado,8.1,-22.664578,-52.013998,São Paulo,2024.0,12.0
Panthera onca,Onça-pintada,Mamífero,VU,Cerrado,Cerrado,8.1,-14.510346,-48.536989,Goiás,2023.0,2.0
Panthera onca,Onça-pintada,Mamífero,VU,Cerrado,Cerrado,8.1,-16.20022,-56.77179,Mato Grosso,2023.0,2.0
Panthera onca,Onça-pintada,Mamífero,VU,Cerrado,Cerrado,8.1,-17.331826,-56.78122,Mato Grosso do Sul,2023.0,3.0
Panthera onca,Onça-pintada,Mamífero,VU,Cerrado,Cerrado,8.1,-11.495582,-49.679913,Tocantins,2023.0,4.0
Panthera onca,Onça-pintada,Mamífero,VU,Cerrado,Cerrado,8.1,-17.455443,-56.849736,Mato Grosso,2023.0,5.0
Panthera onca,Onça-pintada,Mamífero,VU,Cerrado,Cerrado,8.1,-17.486376,-56.82625,Mato Grosso,2023.0,5.0
Panthera onca,Onça-pintada,Mamífero,VU,Cerrado,Cerrado,8.1,-17.53905,-56.832509,Mato Grosso do Sul,2023.0,5.0
Panthera onca,Onça-pintada,Mamífero,VU,Cerrado,Cerrado,8.1,-19.253866,-55.357461,Mato Grosso do Sul,2023.0,5.0
Panthera onca,Onça-pintada,Mamífero,VU,Cerrado,Cerrado,8.1,-19.586993,-56.299907,Mato Grosso do Sul,2023.0,5.0
Panthera onca,Onça-pintada,Mamífero,VU,Cerrado,Cerrado,8.1,-19.568352,-56.132558,Mato Grosso do Sul,2023.0,5.0
Panthera onca,Onça-pintada,Mamífero,VU,Cerrado,Cerrado,8.1,-16.088385,-49.021202,Goiás,2023.0,5.0
Panthera onca,Onça-pintada,Mamífero,VU,Cerrado,Cerrado,8.1,-19.204747,-55.278028,Mato Grosso do Sul,2023.0,5.0
Panthera onca,Onça-pintada,Mamífero,VU,Cerrado,Cerrado,8.1,-17.247979,-56.698126,Mato Grosso do Sul,2023.0,6.0
Panthera onca,Onça-pintada,Mamífero,VU,Cerrado,Cerrado,8.1,-19.40979,-57.015949,Mato Grosso do Sul,2023.0,6.0
Panthera onca,Onça-pintada,Mamífero,VU,Cerrado,Cerrado,8.1,-17.330492,-56.731297,Mato Grosso,2023.0,6.0
Panthera onca,Onça-pintada,Mamífero,VU,Cerrado,Cerrado,8.1,-17.393936,-56.553378,Mato Grosso do Sul,2023.0,6.0
Panthera onca,Onça-pintada,Mamífero,VU,Cerrado,Cerrado,8.1,-17.369622,-56.765627,Mato Grosso,2023.0,6.0
Panthera onca,Onça-pintada,Mamífero,VU,Cerrado,Cerrado,8.1,-17.348732,-56.658549,Mato Grosso,2023.0,6.0
Panthera onca,Onça-pintada,Mamífero,VU,Cerrado,Cerrado,8.1,-17.296556,-56.756706,Mato Grosso,2023.0,6.0
Panthera onca,Onça-pintada,Mamífero,VU,Cerrado,Cerrado,8.1,-17.369855,-56.796547,Mato Grosso,2023.0,6.0
Panthera onca,Onça-pintada,Mamífero,VU,Cerrado,Cerrado,8.1,-17.316678,-56.764566,Mato Grosso,2023.0,6.0
Panthera onca,Onça-pintada,Mamífero,VU,Cerrado,Cerrado,8.1,-16.515056,-56.24144,Mato Grosso,2023.0,7.0
Panthera onca,Onça-pintada,Mamífero,VU,Cerrado,Cerrado,8.1,-17.740924,-57.240335,Mato Grosso,2023.0,7.0
Panthera onca,Onça-pintada,Mamífero,VU,Cerrado,Cerrado,8.1,-13.487394,-56.578445,Mato Grosso,2023.0,7.0
Panthera onca,Onça-pintada,Mamífero,VU,Cerrado,Cerrado,8.1,-19.585148,-56.052885,Mato Grosso do Sul,2023.0,7.0
Panthera onca,Onça-pintada,Mamífero,VU,Cerrado,Cerrado,8.1,-17.253352,-56.672228,Mato Grosso,2023.0,7.0
Panthera onca,Onça-pintada,Mamífero,VU,Cerrado,Cerrado,8.1,-19.922752,-56.891293,Mato Grosso do Sul,2023.0,7.0
Panthera onca,Onça-pintada,Mamífero,VU,Cerrado,Cerrado,8.1,-17.275112,-56.608496,Mato Grosso,2023.0,7.0
Panthera onca,Onça-pintada,Mamífero,VU,Cerrado,Cerrado,8.1,-17.293967,-56.767846,Mato Grosso,2023.0,7.0
Panthera onca,Onça-pintada,Mamífero,VU,Cerrado,Cerrado,8.1,-17.259712,-56.605649,Mato Grosso,2023.0,7.0
Panthera onca,Onça-pintada,Mamífero,VU,Cerrado,Cerrado,8.1,-17.323304,-56.690791,Mato Grosso,2023.0,7.0
Panthera onca,Onça-pintada,Mamífero,VU,Cerrado,Cerrado,8.1,-17.214177,-56.731937,Mato Grosso,2023.0,7.0
Panthera onca,Onça-pintada,Mamífero,VU,Cerrado,Cerrado,8.1,-17.240623,-56.648526,Mato Grosso,2023.0,7.0
Panthera onca,Onça-pintada,Mamífero,VU,Cerrado,Cerrado,8.1,-17.316427,-56.707494,Mato Grosso,2023.0,7.0
Panthera onca,Onça-pintada,Mamífero,VU,Cerrado,Cerrado,8.1,-17.30934,-56.758104,Mato Grosso,2023.0,7.0
Panthera onca,Onça-pintada,Mamífero,VU,Cerrado,Cerrado,8.1,-17.291445,-56.602508,Mato Grosso do Sul,2023.0,7.0
Panthera onca,Onça-pintada,Mamífero,VU,Cerrado,Cerrado,8.1,-17.623381,-55.938015,Mato Grosso do Sul,2023.0,7.0
Panthera onca,Onça-pintada,Mamífero,VU,Cerrado,Cerrado,8.1,-17.636722,-55.839454,Mato Grosso do Sul,2023.0,7.0
Panthera onca,Onça-pintada,Mamífero,VU,Cerrado,Cerrado,8.1,-17.269598,-56.691738,Mato Grosso do Sul,2023.0,7.0
Panthera onca,Onça-pintada,Mamífero,VU,Cerrado,Cerrado,8.1,-17.488288,-56.679985,Mato Grosso do Sul,2023.0,7.0
Panthera onca,Onça-pintada,Mamífero,VU,Cerrado,Cerrado,8.1,-17.311914,-56.749493,Mato Grosso,2023.0,7.0
Panthera onca,Onça-pintada,Mamífero,VU,Cerrado,Cerrado,8.1,-17.339366,-56.795287,Mato Grosso do Sul,2023.0,7.0
Panthera onca,Onça-pintada,Mamífero,VU,Cerrado,Cerrado,8.1,-17.207744,-56.784672,Mato Grosso,2023.0,8.0
Panthera onca,Onça-pintada,Mamífero,VU,Cerrado,Cerrado,8.1,-17.37062,-56.678313,Mato Grosso,2023.0,8.0
Panthera onca,Onça-pintada,Mamífero,VU,Cerrado,Cerrado,8.1,-17.310611,-56.756032,Mato Grosso,2023.0,8.0
Panthera onca,Onça-pintada,Mamífero,VU,Cerrado,Cerrado,8.1,-17.338866,-56.779095,Mato Grosso,2023.0,8.0
Panthera onca,Onça-pintada,Mamífero,VU,Cerrado,Cerrado,8.1,-17.302957,-56.680894,Mato Grosso,2023.0,8.0
Panthera onca,Onça-pintada,Mamífero,VU,Cerrado,Cerrado,8.1,-17.334788,-56.61011,Mato Grosso do Sul,2023.0,8.0
Panthera onca,Onça-pintada,Mamífero,VU,Cerrado,Cerrado,8.1,-17.32236,-56.744768,Mato Grosso,2023.0,8.0
Panthera onca,Onça-pintada,Mamífero,VU,Cerrado,Cerrado,8.1,-17.29263,-56.61638,Mato Grosso,2023.0,8.0
Panthera onca,Onça-pintada,Mamífero,VU,Cerrado,Cerrado,8.1,-17.230625,-56.746383,Mato Grosso,2023.0,8.0
Panthera onca,Onça-pintada,Mamífero,VU,Cerrado,Cerrado,8.1,-15.709009,-56.082664,Mato Grosso,2023.0,8.0
Panthera onca,Onça-pintada,Mamífero,VU,Cerrado,Cerrado,8.1,-17.39061,-56.758274,Mato Grosso,2023.0,8.0
Panthera onca,Onça-pintada,Mamífero,VU,Cerrado,Cerrado,8.1,-15.621614,-56.013481,Mato Grosso,2023.0,8.0
Panthera onca,Onça-pintada,Mamífero,VU,Cerrado,Cerrado,8.1,-17.384452,-56.745512,Mato Grosso do Sul,2023.0,8.0
Panthera onca,Onça-pintada,Mamífero,VU,Cerrado,Cerrado,8.1,-17.235004,-56.680556,Mato Grosso,2023.0,8.0
Panthera onca,Onça-pintada,Mamífero,VU,Cerrado,Cerrado,8.1,-17.298632,-56.695357,Mato Grosso do Sul,2023.0,8.0
Panthera onca,Onça-pintada,Mamífero,VU,Cerrado,Cerrado,8.1,-17.302323,-56.624779,Mato Grosso do Sul,2023.0,8.0
Panthera onca,Onça-pintada,Mamífero,VU,Cerrado,Cerrado,8.1,-17.387533,-56.604388,Mato Grosso,2023.0,8.0
Panthera onca,Onça-pintada,Mamífero,VU,Cerrado,Cerrado,8.1,-17.372339,-56.757689,Mato Grosso,2023.0,8.0
Panthera onca,Onça-pintada,Mamífero,VU,Cerrado,Cerrado,8.1,-17.538554,-57.092408,Mato Grosso,2023.0,8.0
Panthera onca,Onça-pintada,Mamífero,VU,Cerrado,Cerrado,8.1,-17.202497,-56.622366,Mato Grosso,2023.0,8.0
Panthera onca,Onça-pintada,Mamífero,VU,Cerrado,Cerrado,8.1,-17.264374,-56.675702,Mato Grosso,2023.0,8.0
Panthera onca,Onça-pintada,Mamífero,VU,Cerrado,Cerrado,8.1,-17.229273,-56.649868,Mato Grosso,2023.0,8.0
Panthera onca,Onça-pintada,Mamífero,VU,Cerrado,Cerrado,8.1,-17.356344,-56.62449,Mato Grosso,2023.0,8.0
Panthera onca,Onça-pintada,Mamífero,VU,Cerrado,Cerrado,8.1,-19.877205,-56.332884,Mato Grosso do Sul,2023.0,8.0
Panthera onca,Onça-pintada,Mamífero,VU,Cerrado,Cerrado,8.1,-19.815699,-56.355683,Mato Grosso do Sul,2023.0,8.0
Panthera onca,Onça-pintada,Mamífero,VU,Cerrado,Cerrado,8.1,-17.241924,-56.661031,Mato Grosso,2023.0,8.0
Panthera onca,Onça-pintada,Mamífero,VU,Cerrado,Cerrado,8.1,-17.346622,-56.68061,Mato Grosso,2023.0,8.0
Panthera onca,Onça-pintada,Mamífero,VU,Cerrado,Cerrado,8.1,-17.308048,-56.623208,Mato Grosso,2023.0,8.0
Panthera onca,Onça-pintada,Mamífero,VU,Cerrado,Cerrado,8.1,-17.389762,-56.64624,Mato Grosso,2023.0,8.0
Panthera onca,Onça-pintada,Mamífero,VU,Cerrado,Cerrado,8.1,-16.437197,-56.681879,Mato Grosso,2023.0,8.0
Panthera onca,Onça-pintada,Mamífero,VU,Cerrado,Cerrado,8.1,-17.329221,-56.553551,Mato Grosso do Sul,2023.0,8.0
Panthera onca,Onça-pintada,Mamífero,VU,Cerrado,Cerrado,8.1,-17.320302,-56.689616,Mato Grosso,2023.0,8.0
Panthera onca,Onça-pintada,Mamífero,VU,Cerrado,Cerrado,8.1,-17.276063,-56.768795,Mato Grosso,2023.0,8.0
Panthera onca,Onça-pintada,Mamífero,VU,Cerrado,Cerrado,8.1,-17.320343,-56.708602,Mato Grosso,2023.0,8.0
Panthera onca,Onça-pintada,Mamífero,VU,Cerrado,Cerrado,8.1,-17.395844,-56.699358,Mato Grosso do Sul,2023.0,8.0
Panthera onca,Onça-pintada,Mamífero,VU,Cerrado,Cerrado,8.1,-17.180455,-56.729263,Mato Grosso,2023.0,8.0
Panthera onca,Onça-pintada,Mamífero,VU,Cerrado,Cerrado,8.1,-17.002972,-56.727473,Mato Grosso,2023.0,8.0
Panthera onca,Onça-pintada,Mamífero,VU,Cerrado,Cerrado,8.1,-17.027036,-56.701774,Mato Grosso,2023.0,8.0
Panthera onca,Onça-pintada,Mamífero,VU,Cerrado,Cerrado,8.1,-17.163584,-56.621648,Mato Grosso,2023.0,8.0
Panthera onca,Onça-pintada,Mamífero,VU,Cerrado,Cerrado,8.1,-17.143119,-56.684706,Mato Grosso,2023.0,8.0
Panthera onca,Onça-pintada,Mamífero,VU,Cerrado,Cerrado,8.1,-17.081106,-56.72757,Mato Grosso,2023.0,8.0
Panthera onca,Onça-pintada,Mamífero,VU,Cerrado,Cerrado,8.1,-17.012811,-56.658674,Mato Grosso,2023.0,8.0
Panthera onca,Onça-pintada,Mamífero,VU,Cerrado,Cerrado,8.1,-17.195656,-56.675342,Mato Grosso,2023.0,8.0
Panthera onca,Onça-pintada,Mamífero,VU,Cerrado,Cerrado,8.1,-17.181342,-56.692884,Mato Grosso,2023.0,8.0
Panthera onca,Onça-pintada,Mamífero,VU,Cerrado,Cerrado,8.1,-17.067787,-56.712106,Mato Grosso,2023.0,8.0
Panthera onca,Onça-pintada,Mamífero,VU,Cerrado,Cerrado,8.1,-17.054332,-56.78931,Mato Grosso,2023.0,8.0
Panthera onca,Onça-pintada,Mamífero,VU,Cerrado,Cerrado,8.1,-17.106703,-56.6372,Mato Grosso,2023.0,8.0
Panthera onca,Onça-pintada,Mamífero,VU,Cerrado,Cerrado,8.1,-17.186819,-56.702362,Mato Grosso,2023.0,8.0
Panthera onca,Onça-pintada,Mamífero,VU,Cerrado,Cerrado,8.1,-17.056507,-56.710717,Mato Grosso,2023.0,8.0
Panthera onca,Onça-pintada,Mamífero,VU,Cerrado,Cerrado,8.1,-17.133569,-56.703517,Mato Grosso,2023.0,8.0
Panthera onca,Onça-pintada,Mamífero,VU,Cerrado,Cerrado,8.1,-17.154153,-56.75164,Mato Grosso,2023.0,8.0
Panthera onca,Onça-pintada,Mamífero,VU,Cerrado,Cerrado,8.1,-17.17486,-56.621186,Mato Grosso,2023.0,8.0
Panthera onca,Onça-pintada,Mamífero,VU,Cerrado,Cerrado,8.1,-17.050163,-56.794264,Mato Grosso,2023.0,8.0
Panthera onca,Onça-pintada,Mamífero,VU,Cerrado,Cerrado,8.1,-17.102676,-56.686673,Mato Grosso,2023.0,8.0
Panthera onca,Onça-pintada,Mamífero,VU,Cerrado,Cerrado,8.1,-17.1783,-56.74077,Mato Grosso,2023.0,8.0
Panthera onca,Onça-pintada,Mamífero,VU,Cerrado,Cerrado,8.1,-17.382976,-56.621767,Mato Grosso,2023.0,9.0
Panthera onca,Onça-pintada,Mamífero,VU,Cerrado,Cerrado,8.1,-17.29127,-56.771689,Mato Grosso,2023.0,9.0
Panthera onca,Onça-pintada,Mamífero,VU,Cerrado,Cerrado,8.1,-17.394157,-56.619613,Mato Grosso,2023.0,9.0
Panthera onca,Onça-pintada,Mamífero,VU,Cerrado,Cerrado,8.1,-17.323353,-56.66718,Mato Grosso,2023.0,9.0
Panthera onca,Onça-pintada,Mamífero,VU,Cerrado,Cerrado,8.1,-17.271672,-56.66766,Mato Grosso,2023.0,9.0
Panthera onca,Onça-pintada,Mamífero,VU,Cerrado,Cerrado,8.1,-17.207039,-56.746425,Mato Grosso do Sul,2023.0,9.0
Panthera onca,Onça-pintada,Mamífero,VU,Cerrado,Cerrado,8.1,-17.311754,-56.706997,Mato Grosso,2023.0,9.0
Panthera onca,Onça-pintada,Mamífero,VU,Cerrado,Cerrado,8.1,-19.720167,-56.961198,Mato Grosso do Sul,2023.0,9.0
Panthera onca,Onça-pintada,Mamífero,VU,Cerrado,Cerrado,8.1,-17.286769,-56.658197,Mato Grosso,2023.0,9.0
Panthera onca,Onça-pintada,Mamífero,VU,Cerrado,Cerrado,8.1,-16.715376,-56.822523,Mato Grosso,2023.0,9.0
Panthera onca,Onça-pintada,Mamífero,VU,Cerrado,Cerrado,8.1,-17.269907,-56.719047,Mato Grosso,2023.0,9.0
Panthera onca,Onça-pintada,Mamífero,VU,Cerrado,Cerrado,8.1,-16.451269,-56.785327,Mato Grosso,2023.0,9.0
Panthera onca,Onça-pintada,Mamífero,VU,Cerrado,Cerrado,8.1,-17.371216,-56.771446,Mato Grosso,2023.0,9.0
Panthera onca,Onça-pintada,Mamífero,VU,Cerrado,Cerrado,8.1,-17.27,-56.766546,Mato Grosso,2023.0,9.0
Panthera onca,Onça-pintada,Mamífero,VU,Cerrado,Cerrado,8.1,-17.315236,-56.717823,Mato Grosso,2023.0,9.0
Panthera onca,Onça-pintada,Mamífero,VU,Cerrado,Cerrado,8.1,-17.234022,-56.619648,Mato Grosso,2023.0,9.0
Panthera onca,Onça-pintada,Mamífero,VU,Cerrado,Cerrado,8.1,-17.363554,-56.744544,Mato Grosso,2023.0,9.0
Panthera onca,Onça-pintada,Mamífero,VU,Cerrado,Cerrado,8.1,-17.368289,-56.671677,Mato Grosso,2023.0,9.0
Panthera onca,Onça-pintada,Mamífero,VU,Cerrado,Cerrado,8.1,-17.296448,-56.708531,Mato Grosso,2023.0,9.0
Panthera onca,Onça-pintada,Mamífero,VU,Cerrado,Cerrado,8.1,-17.3317,-56.720186,Mato Grosso,2023.0,9.0
Panthera onca,Onça-pintada,Mamífero,VU,Cerrado,Cerrado,8.1,-17.257052,-56.626818,Mato Grosso,2023.0,9.0
Panthera onca,Onça-pintada,Mamífero,VU,Cerrado,Cerrado,8.1,-17.300758,-56.708403,Mato Grosso,2023.0,9.0
Panthera onca,Onça-pintada,Mamífero,VU,Cerrado,Cerrado,8.1,-17.33058,-56.6604,Mato Grosso,2023.0,9.0
Panthera onca,Onça-pintada,Mamífero,VU,Cerrado,Cerrado,8.1,-17.35306,-56.623433,Mato Grosso,2023.0,10.0
Panthera onca,Onça-pintada,Mamífero,VU,Cerrado,Cerrado,8.1,-16.212443,-56.640733,Mato Grosso,2023.0,10.0
Panthera onca,Onça-pintada,Mamífero,VU,Cerrado,Cerrado,8.1,-16.273118,-56.745643,Mato Grosso,2023.0,10.0
Panthera onca,Onça-pintada,Mamífero,VU,Cerrado,Cerrado,8.1,-17.399879,-56.721052,Mato Grosso,2023.0,10.0
Panthera onca,Onça-pintada,Mamífero,VU,Cerrado,Cerrado,8.1,-19.941277,-56.261468,Mato Grosso do Sul,2023.0,12.0
Panthera onca,Onça-pintada,Mamífero,VU,Cerrado,Cerrado,8.1,-22.938447,-53.725375,Mato Grosso do Sul,2023.0,12.0
Panthera onca,Onça-pintada,Mamífero,VU,Cerrado,Cerrado,8.1,-20.241795,-56.588874,Mato Grosso do Sul,2023.0,12.0
Panthera onca,Onça-pintada,Mamífero,VU,Cerrado,Cerrado,8.1,-15.482418,-48.339022,Goiás,2022.0,2.0
Panthera onca,Onça-pintada,Mamífero,VU,Cerrado,Cerrado,8.1,-9.6982,-47.058707,Tocantins,2022.0,2.0
Panthera onca,Onça-pintada,Mamífero,VU,Cerrado,Cerrado,8.1,-22.410547,-47.704473,São Paulo,2022.0,3.0
Panthera onca,Onça-pintada,Mamífero,VU,Cerrado,Cerrado,8.1,-15.589127,-48.237649,Goiás,2022.0,3.0
Panthera onca,Onça-pintada,Mamífero,VU,Cerrado,Cerrado,8.1,-15.588509,-48.38582,Goiás,2022.0,4.0
Panthera onca,Onça-pintada,Mamífero,VU,Cerrado,Cerrado,8.1,-17.266674,-56.740402,Mato Grosso do Sul,2022.0,4.0
Panthera onca,Onça-pintada,Mamífero,VU,Cerrado,Cerrado,8.1,-19.547726,-56.87419,Mato Grosso do Sul,2022.0,5.0
Panthera onca,Onça-pintada,Mamífero,VU,Cerrado,Cerrado,8.1,-17.264461,-56.630124,Mato Grosso,2022.0,6.0
Panthera onca,Onça-pintada,Mamífero,VU,Cerrado,Cerrado,8.1,-16.445686,-56.397458,Mato Grosso,2022.0,6.0
Panthera onca,Onça-pintada,Mamífero,VU,Cerrado,Cerrado,8.1,-15.528187,-48.398542,Goiás,2022.0,6.0
Panthera onca,Onça-pintada,Mamífero,VU,Cerrado,Cerrado,8.1,-17.268332,-56.679285,Mato Grosso,2022.0,6.0
Panthera onca,Onça-pintada,Mamífero,VU,Cerrado,Cerrado,8.1,-17.223703,-56.717365,Mato Grosso,2022.0,6.0
Panthera onca,Onça-pintada,Mamífero,VU,Cerrado,Cerrado,8.1,-17.365605,-56.773901,Mato Grosso,2022.0,6.0
Panthera onca,Onça-pintada,Mamífero,VU,Cerrado,Cerrado,8.1,-19.850078,-56.377803,Mato Grosso do Sul,2022.0,6.0
Panthera onca,Onça-pintada,Mamífero,VU,Cerrado,Cerrado,8.1,-19.842741,-56.331678,Mato Grosso do Sul,2022.0,6.0
Panthera onca,Onça-pintada,Mamífero,VU,Cerrado,Cerrado,8.1,-20.084349,-56.75937,Mato Grosso do Sul,2022.0,6.0
Panthera onca,Onça-pintada,Mamífero,VU,Cerrado,Cerrado,8.1,-17.277006,-56.675389,Mato Grosso,2022.0,6.0
Panthera onca,Onça-pintada,Mamífero,VU,Cerrado,Cerrado,8.1,-17.268964,-56.637863,Mato Grosso,2022.0,6.0
Panthera onca,Onça-pintada,Mamífero,VU,Cerrado,Cerrado,8.1,-16.372255,-56.608627,Mato Grosso,2022.0,6.0
Panthera onca,Onça-pintada,Mamífero,VU,Cerrado,Cerrado,8.1,-17.227381,-56.650878,Mato Grosso,2022.0,6.0
Panthera onca,Onça-pintada,Mamífero,VU,Cerrado,Cerrado,8.1,-17.248685,-56.677887,Mato Grosso,2022.0,7.0
Panthera onca,Onça-pintada,Mamífero,VU,Cerrado,Cerrado,8.1,-17.394127,-56.65494,Mato Grosso,2022.0,7.0
Panthera onca,Onça-pintada,Mamífero,VU,Cerrado,Cerrado,8.1,-20.345523,-56.518301,Mato Grosso do Sul,2022.0,7.0
Panthera onca,Onça-pintada,Mamífero,VU,Cerrado,Cerrado,8.1,-17.243918,-56.607217,Mato Grosso,2022.0,7.0
Panthera onca,Onça-pintada,Mamífero,VU,Cerrado,Cerrado,8.1,-17.355662,-56.731125,Mato Grosso,2022.0,7.0
Panthera onca,Onça-pintada,Mamífero,VU,Cerrado,Cerrado,8.1,-17.397826,-56.652839,Mato Grosso,2022.0,7.0
Panthera onca,Onça-pintada,Mamífero,VU,Cerrado,Cerrado,8.1,-17.227705,-56.75821,Mato Grosso,2022.0,7.0
Panthera onca,Onça-pintada,Mamífero,VU,Cerrado,Cerrado,8.1,-17.383834,-56.702663,Mato Grosso,2022.0,7.0
Panthera onca,Onça-pintada,Mamífero,VU,Cerrado,Cerrado,8.1,-17.223466,-56.633883,Mato Grosso,2022.0,7.0
Panthera onca,Onça-pintada,Mamífero,VU,Cerrado,Cerrado,8.1,-17.22547,-54.168724,Mato Grosso,2022.0,7.0
Panthera onca,Onça-pintada,Mamífero,VU,Cerrado,Cerrado,8.1,-17.22471,-56.693409,Mato Grosso,2022.0,7.0
Panthera onca,Onça-pintada,Mamífero,VU,Cerrado,Cerrado,8.1,-17.214098,-56.908769,Mato Grosso,2022.0,7.0
Panthera onca,Onça-pintada,Mamífero,VU,Cerrado,Cerrado,8.1,-17.379207,-56.621342,Mato Grosso,2022.0,7.0
Panthera onca,Onça-pintada,Mamífero,VU,Cerrado,Cerrado,8.1,-17.329634,-56.71929,Mato Grosso,2022.0,7.0
Panthera onca,Onça-pintada,Mamífero,VU,Cerrado,Cerrado,8.1,-17.327391,-56.768172,Mato Grosso,2022.0,7.0
Panthera onca,Onça-pintada,Mamífero,VU,Cerrado,Cerrado,8.1,-17.239487,-56.714564,Mato Grosso do Sul,2022.0,7.0
Panthera onca,Onça-pintada,Mamífero,VU,Cerrado,Cerrado,8.1,-17.329627,-56.767979,Mato Grosso,2022.0,7.0
Panthera onca,Onça-pintada,Mamífero,VU,Cerrado,Cerrado,8.1,-17.394308,-56.714807,Mato Grosso,2022.0,7.0
Panthera onca,Onça-pintada,Mamífero,VU,Cerrado,Cerrado,8.1,-17.313791,-56.633819,Mato Grosso,2022.0,7.0
Panthera onca,Onça-pintada,Mamífero,VU,Cerrado,Cerrado,8.1,-17.066878,-54.159818,Mato Grosso,2022.0,7.0
Panthera onca,Onça-pintada,Mamífero,VU,Cerrado,Cerrado,8.1,-17.210534,-56.680237,Mato Grosso,2022.0,7.0
Panthera onca,Onça-pintada,Mamífero,VU,Cerrado,Cerrado,8.1,-17.612547,-57.075154,Mato Grosso do Sul,2022.0,7.0
Panthera onca,Onça-pintada,Mamífero,VU,Cerrado,Cerrado,8.1,-18.03955,-57.360047,Mato Grosso do Sul,2022.0,7.0
Panthera onca,Onça-pintada,Mamífero,VU,Cerrado,Cerrado,8.1,-18.277466,-56.999589,Mato Grosso do Sul,2022.0,7.0
Panthera onca,Onça-pintada,Mamífero,VU,Cerrado,Cerrado,8.1,-17.35927,-56.664335,Mato Grosso,2022.0,7.0
Panthera onca,Onça-pintada,Mamífero,VU,Cerrado,Cerrado,8.1,-17.307347,-56.652372,Mato Grosso,2022.0,7.0
Panthera onca,Onça-pintada,Mamífero,VU,Cerrado,Cerrado,8.1,-17.224557,-56.788513,Mato Grosso,2022.0,7.0
Panthera onca,Onça-pintada,Mamífero,VU,Cerrado,Cerrado,8.1,-17.340026,-56.726641,Mato Grosso,2022.0,7.0
Panthera onca,Onça-pintada,Mamífero,VU,Cerrado,Cerrado,8.1,-17.216579,-56.689236,Mato Grosso,2022.0,7.0
Panthera onca,Onça-pintada,Mamífero,VU,Cerrado,Cerrado,8.1,-17.222364,-56.640321,Mato Grosso,2022.0,7.0
Panthera onca,Onça-pintada,Mamífero,VU,Cerrado,Cerrado,8.1,-17.210916,-56.690559,Mato Grosso,2022.0,7.0
Panthera onca,Onça-pintada,Mamífero,VU,Cerrado,Cerrado,8.1,-17.358408,-56.7437,Mato Grosso,2022.0,7.0
Panthera onca,Onça-pintada,Mamífero,VU,Cerrado,Cerrado,8.1,-17.324786,-56.686183,Mato Grosso,2022.0,7.0
Panthera onca,Onça-pintada,Mamífero,VU,Cerrado,Cerrado,8.1,-17.289601,-56.608267,Mato Grosso,2022.0,7.0
Panthera onca,Onça-pintada,Mamífero,VU,Cerrado,Cerrado,8.1,-17.274696,-56.772231,Mato Grosso,2022.0,7.0
Panthera onca,Onça-pintada,Mamífero,VU,Cerrado,Cerrado,8.1,-17.246361,-56.619597,Mato Grosso,2022.0,7.0
Panthera onca,Onça-pintada,Mamífero,VU,Cerrado,Cerrado,8.1,-17.210292,-56.759007,Mato Grosso,2022.0,7.0
Panthera onca,Onça-pintada,Mamífero,VU,Cerrado,Cerrado,8.1,-17.124594,-56.82621,Mato Grosso,2022.0,7.0
Panthera onca,Onça-pintada,Mamífero,VU,Cerrado,Cerrado,8.1,-17.390324,-56.64184,Mato Grosso,2022.0,7.0
Panthera onca,Onça-pintada,Mamífero,VU,Cerrado,Cerrado,8.1,-17.20125,-56.693754,Mato Grosso,2022.0,7.0
Panthera onca,Onça-pintada,Mamífero,VU,Cerrado,Cerrado,8.1,-17.255913,-56.653402,Mato Grosso,2022.0,7.0
Panthera onca,Onça-pintada,Mamífero,VU,Cerrado,Cerrado,8.1,-19.742436,-57.001674,Mato Grosso do Sul,2022.0,7.0
Panthera onca,Onça-pintada,Mamífero,VU,Cerrado,Cerrado,8.1,-19.61734,-57.056571,Mato Grosso do Sul,2022.0,7.0
Panthera onca,Onça-pintada,Mamífero,VU,Cerrado,Cerrado,8.1,-20.106238,-57.369814,Mato Grosso do Sul,2022.0,7.0
Panthera onca,Onça-pintada,Mamífero,VU,Cerrado,Cerrado,8.1,-19.59648,-57.150749,Mato Grosso do Sul,2022.0,7.0
Panthera onca,Onça-pintada,Mamífero,VU,Cerrado,Cerrado,8.1,-17.223399,-56.692348,Mato Grosso,2022.0,8.0
Panthera onca,Onça-pintada,Mamífero,VU,Cerrado,Cerrado,8.1,-17.316043,-56.787075,Mato Grosso,2022.0,8.0
Panthera onca,Onça-pintada,Mamífero,VU,Cerrado,Cerrado,8.1,-17.425831,-56.800257,Mato Grosso do Sul,2022.0,8.0
Panthera onca,Onça-pintada,Mamífero,VU,Cerrado,Cerrado,8.1,-17.364421,-56.658722,Mato Grosso,2022.0,8.0
Panthera onca,Onça-pintada,Mamífero,VU,Cerrado,Cerrado,8.1,-19.881098,-56.282929,Mato Grosso do Sul,2022.0,8.0
Panthera onca,Onça-pintada,Mamífero,VU,Cerrado,Cerrado,8.1,-19.848326,-56.295904,Mato Grosso do Sul,2022.0,8.0
Panthera onca,Onça-pintada,Mamífero,VU,Cerrado,Cerrado,8.1,-16.545997,-56.789797,Mato Grosso,2022.0,8.0
Panthera onca,Onça-pintada,Mamífero,VU,Cerrado,Cerrado,8.1,-20.37923,-56.453915,Mato Grosso do Sul,2022.0,8.0
Panthera onca,Onça-pintada,Mamífero,VU,Cerrado,Cerrado,8.1,-20.237714,-56.588094,Mato Grosso do Sul,2022.0,8.0
Panthera onca,Onça-pintada,Mamífero,VU,Cerrado,Cerrado,8.1,-17.23373,-56.671936,Mato Grosso,2022.0,8.0
Panthera onca,Onça-pintada,Mamífero,VU,Cerrado,Cerrado,8.1,-17.258264,-56.644137,Mato Grosso,2022.0,8.0
Panthera onca,Onça-pintada,Mamífero,VU,Cerrado,Cerrado,8.1,-16.509692,-56.716237,Mato Grosso,2022.0,8.0
Panthera onca,Onça-pintada,Mamífero,VU,Cerrado,Cerrado,8.1,-17.361288,-56.720166,Mato Grosso,2022.0,8.0
Panthera onca,Onça-pintada,Mamífero,VU,Cerrado,Cerrado,8.1,-16.562306,-56.496874,Mato Grosso,2022.0,8.0
Panthera onca,Onça-pintada,Mamífero,VU,Cerrado,Cerrado,8.1,-17.283406,-56.696438,Mato Grosso,2022.0,8.0
Panthera onca,Onça-pintada,Mamífero,VU,Cerrado,Cerrado,8.1,-17.393915,-56.637045,Mato Grosso,2022.0,8.0
Panthera onca,Onça-pintada,Mamífero,VU,Cerrado,Cerrado,8.1,-17.289463,-56.755694,Mato Grosso,2022.0,8.0
Panthera onca,Onça-pintada,Mamífero,VU,Cerrado,Cerrado,8.1,-17.121479,-56.687297,Mato Grosso,2022.0,8.0
Panthera onca,Onça-pintada,Mamífero,VU,Cerrado,Cerrado,8.1,-17.234882,-56.752777,Mato Grosso,2022.0,8.0
Panthera onca,Onça-pintada,Mamífero,VU,Cerrado,Cerrado,8.1,-16.541482,-56.64926,Mato Grosso,2022.0,8.0
Panthera onca,Onça-pintada,Mamífero,VU,Cerrado,Cerrado,8.1,-17.060315,-56.730325,Mato Grosso,2022.0,8.0
Panthera onca,Onça-pintada,Mamífero,VU,Cerrado,Cerrado,8.1,-17.16461,-56.760234,Mato Grosso,2022.0,8.0
Panthera onca,Onça-pintada,Mamífero,VU,Cerrado,Cerrado,8.1,-16.484687,-56.644888,Mato Grosso,2022.0,8.0
Panthera onca,Onça-pintada,Mamífero,VU,Cerrado,Cerrado,8.1,-17.289074,-56.786894,Mato Grosso,2022.0,8.0
Panthera onca,Onça-pintada,Mamífero,VU,Cerrado,Cerrado,8.1,-16.639576,-56.965351,Mato Grosso,2022.0,9.0
Panthera onca,Onça-pintada,Mamífero,VU,Cerrado,Cerrado,8.1,-17.67438,-57.25451,Mato Grosso,2022.0,9.0
Panthera onca,Onça-pintada,Mamífero,VU,Cerrado,Cerrado,8.1,-17.62473,-57.278027,Mato Grosso,2022.0,9.0
Panthera onca,Onça-pintada,Mamífero,VU,Cerrado,Cerrado,8.1,-17.755841,-57.293275,Mato Grosso,2022.0,9.0
Panthera onca,Onça-pintada,Mamífero,VU,Cerrado,Cerrado,8.1,-17.719551,-57.391791,Mato Grosso,2022.0,9.0
Panthera onca,Onça-pintada,Mamífero,VU,Cerrado,Cerrado,8.1,-17.605469,-57.362199,Mato Grosso,2022.0,9.0
Panthera onca,Onça-pintada,Mamífero,VU,Cerrado,Cerrado,8.1,-17.721811,-57.392105,Mato Grosso,2022.0,9.0
Panthera onca,Onça-pintada,Mamífero,VU,Cerrado,Cerrado,8.1,-17.741534,-57.23006,Mato Grosso,2022.0,9.0
Panthera onca,Onça-pintada,Mamífero,VU,Cerrado,Cerrado,8.1,-17.664549,-57.341591,Mato Grosso,2022.0,9.0
Panthera onca,Onça-pintada,Mamífero,VU,Cerrado,Cerrado,8.1,-17.645774,-57.395908,Mato Grosso,2022.0,9.0
Panthera onca,Onça-pintada,Mamífero,VU,Cerrado,Cerrado,8.1,-17.703982,-57.346259,Mato Grosso,2022.0,9.0
Panthera onca,Onça-pintada,Mamífero,VU,Cerrado,Cerrado,8.1,-17.63207,-57.268703,Mato Grosso,2022.0,9.0
Panthera onca,Onça-pintada,Mamífero,VU,Cerrado,Cerrado,8.1,-17.766346,-57.225482,Mato Grosso,2022.0,9.0
Panthera onca,Onça-pintada,Mamífero,VU,Cerrado,Cerrado,8.1,-17.715699,-57.380436,Mato Grosso,2022.0,9.0
Panthera onca,Onça-pintada,Mamífero,VU,Cerrado,Cerrado,8.1,-17.730799,-57.288544,Mato Grosso,2022.0,9.0
Panthera onca,Onça-pintada,Mamífero,VU,Cerrado,Cerrado,8.1,-17.603172,-57.373614,Mato Grosso,2022.0,9.0
Panthera onca,Onça-pintada,Mamífero,VU,Cerrado,Cerrado,8.1,-17.618749,-57.23767,Mato Grosso,2022.0,9.0
Panthera onca,Onça-pintada,Mamífero,VU,Cerrado,Cerrado,8.1,-17.793207,-57.278426,Mato Grosso,2022.0,9.0
Panthera onca,Onça-pintada,Mamífero,VU,Cerrado,Cerrado,8.1,-17.624901,-57.217836,Mato Grosso,2022.0,9.0
Panthera onca,Onça-pintada,Mamífero,VU,Cerrado,Cerrado,8.1,-17.702979,-57.364193,Mato Grosso,2022.0,9.0
Panthera onca,Onça-pintada,Mamífero,VU,Cerrado,Cerrado,8.1,-17.719661,-57.375377,Mato Grosso,2022.0,9.0
Panthera onca,Onça-pintada,Mamífero,VU,Cerrado,Cerrado,8.1,-17.785227,-57.254736,Mato Grosso,2022.0,9.0
Panthera onca,Onça-pintada,Mamífero,VU,Cerrado,Cerrado,8.1,-17.614009,-57.360434,Mato Grosso,2022.0,9.0
Panthera onca,Onça-pintada,Mamífero,VU,Cerrado,Cerrado,8.1,-17.727732,-57.204133,Mato Grosso,2022.0,9.0
Panthera onca,Onça-pintada,Mamífero,VU,Cerrado,Cerrado,8.1,-17.65697,-57.266266,Mato Grosso,2022.0,9.0
Panthera onca,Onça-pintada,Mamífero,VU,Cerrado,Cerrado,8.1,-17.248787,-56.617595,Mato Grosso,2022.0,9.0
Panthera onca,Onça-pintada,Mamífero,VU,Cerrado,Cerrado,8.1,-17.263322,-56.718636,Mato Grosso do Sul,2022.0,9.0
Panthera onca,Onça-pintada,Mamífero,VU,Cerrado,Cerrado,8.1,-17.343708,-56.603765,Mato Grosso,2022.0,9.0
Panthera onca,Onça-pintada,Mamífero,VU,Cerrado,Cerrado,8.1,-17.249893,-56.79835,Mato Grosso,2022.0,9.0
Panthera onca,Onça-pintada,Mamífero,VU,Cerrado,Cerrado,8.1,-17.311295,-56.748821,Mato Grosso,2022.0,9.0
Panthera onca,Onça-pintada,Mamífero,VU,Cerrado,Cerrado,8.1,-17.242045,-56.753593,Mato Grosso,2022.0,9.0
Panthera onca,Onça-pintada,Mamífero,VU,Cerrado,Cerrado,8.1,-17.393375,-56.602145,Mato Grosso,2022.0,9.0
Panthera onca,Onça-pintada,Mamífero,VU,Cerrado,Cerrado,8.1,-17.229411,-56.661282,Mato Grosso,2022.0,9.0
Panthera onca,Onça-pintada,Mamífero,VU,Cerrado,Cerrado,8.1,-17.326262,-56.68235,Mato Grosso,2022.0,9.0
Panthera onca,Onça-pintada,Mamífero,VU,Cerrado,Cerrado,8.1,-17.240477,-56.682436,Mato Grosso,2022.0,9.0
Panthera onca,Onça-pintada,Mamífero,VU,Cerrado,Cerrado,8.1,-17.36755,-56.749496,Mato Grosso,2022.0,9.0
Panthera onca,Onça-pintada,Mamífero,VU,Cerrado,Cerrado,8.1,-17.270351,-56.761904,Mato Grosso,2022.0,9.0
Panthera onca,Onça-pintada,Mamífero,VU,Cerrado,Cerrado,8.1,-17.385311,-56.634091,Mato Grosso,2022.0,9.0
Panthera onca,Onça-pintada,Mamífero,VU,Cerrado,Cerrado,8.1,-17.234363,-56.66628,Mato Grosso,2022.0,9.0
Panthera onca,Onça-pintada,Mamífero,VU,Cerrado,Cerrado,8.1,-17.656952,-57.223173,Mato Grosso,2022.0,9.0
Panthera onca,Onça-pintada,Mamífero,VU,Cerrado,Cerrado,8.1,-17.3616,-56.783296,Mato Grosso,2022.0,10.0
Panthera onca,Onça-pintada,Mamífero,VU,Cerrado,Cerrado,8.1,-17.380279,-56.788432,Mato Grosso,2022.0,10.0
Panthera onca,Onça-pintada,Mamífero,VU,Cerrado,Cerrado,8.1,-17.276133,-56.720503,Mato Grosso,2022.0,10.0
Panthera onca,Onça-pintada,Mamífero,VU,Cerrado,Cerrado,8.1,-17.342694,-55.055052,Mato Grosso,2022.0,10.0
Panthera onca,Onça-pintada,Mamífero,VU,Cerrado,Cerrado,8.1,-17.292101,-56.741607,Mato Grosso,2022.0,10.0
Panthera onca,Onça-pintada,Mamífero,VU,Cerrado,Cerrado,8.1,-17.280803,-56.718879,Mato Grosso,2022.0,10.0
Panthera onca,Onça-pintada,Mamífero,VU,Cerrado,Cerrado,8.1,-17.271716,-55.053151,Mato Grosso,2022.0,10.0
Panthera onca,Onça-pintada,Mamífero,VU,Cerrado,Cerrado,8.1,-17.309815,-55.002612,Mato Grosso,2022.0,10.0
Panthera onca,Onça-pintada,Mamífero,VU,Cerrado,Cerrado,8.1,-17.276722,-56.633468,Mato Grosso,2022.0,10.0
Panthera onca,Onça-pintada,Mamífero,VU,Cerrado,Cerrado,8.1,-17.209016,-56.673612,Mato Grosso,2022.0,10.0
Panthera onca,Onça-pintada,Mamífero,VU,Cerrado,Cerrado,8.1,-17.37082,-56.651182,Mato Grosso,2022.0,10.0
Panthera onca,Onça-pintada,Mamífero,VU,Cerrado,Cerrado,8.1,-17.225261,-56.756355,Mato Grosso,2022.0,10.0
Panthera onca,Onça-pintada,Mamífero,VU,Cerrado,Cerrado,8.1,-17.205778,-56.606832,Mato Grosso,2022.0,10.0
Panthera onca,Onça-pintada,Mamífero,VU,Cerrado,Cerrado,8.1,-17.350163,-56.72537,Mato Grosso,2022.0,10.0
Panthera onca,Onça-pintada,Mamífero,VU,Cerrado,Cerrado,8.1,-17.352359,-56.619456,Mato Grosso,2022.0,10.0
Panthera onca,Onça-pintada,Mamífero,VU,Cerrado,Cerrado,8.1,-20.197301,-56.608485,Mato Grosso do Sul,2022.0,10.0
Panthera onca,Onça-pintada,Mamífero,VU,Cerrado,Cerrado,8.1,-16.483287,-56.375724,Mato Grosso,2022.0,10.0
Panthera onca,Onça-pintada,Mamífero,VU,Cerrado,Cerrado,8.1,-17.220471,-56.697493,Mato Grosso,2022.0,10.0
Panthera onca,Onça-pintada,Mamífero,VU,Cerrado,Cerrado,8.1,-17.222418,-56.685222,Mato Grosso do Sul,2022.0,10.0
Panthera onca,Onça-pintada,Mamífero,VU,Cerrado,Cerrado,8.1,-17.30587,-56.601503,Mato Grosso,2022.0,10.0
Panthera onca,Onça-pintada,Mamífero,VU,Cerrado,Cerrado,8.1,-17.226341,-56.613329,Mato Grosso,2022.0,10.0
Panthera onca,Onça-pintada,Mamífero,VU,Cerrado,Cerrado,8.1,-17.273413,-56.649538,Mato Grosso,2022.0,10.0
Panthera onca,Onça-pintada,Mamífero,VU,Cerrado,Cerrado,8.1,-16.367229,-56.712206,Mato Grosso,2022.0,10.0
Panthera onca,Onça-pintada,Mamífero,VU,Cerrado,Cerrado,8.1,-17.362347,-56.626741,Mato Grosso,2022.0,10.0
Panthera onca,Onça-pintada,Mamífero,VU,Cerrado,Cerrado,8.1,-17.301573,-56.697316,Mato Grosso do Sul,2022.0,11.0
Panthera onca,Onça-pintada,Mamífero,VU,Cerrado,Cerrado,8.1,-17.305427,-56.714045,Mato Grosso do Sul,2022.0,11.0
Panthera onca,Onça-pintada,Mamífero,VU,Cerrado,Cerrado,8.1,-17.219915,-56.74519,Mato Grosso,2022.0,11.0
Panthera onca,Onça-pintada,Mamífero,VU,Cerrado,Cerrado,8.1,-16.870633,-49.393989,Goiás,2022.0,12.0
Panthera onca,Onça-pintada,Mamífero,VU,Cerrado,Cerrado,8.1,-20.104684,-56.705835,Mato Grosso do Sul,2022.0,12.0
Panthera onca,Onça-pintada,Mamífero,VU,Cerrado,Cerrado,8.1,-19.936986,-56.391639,Mato Grosso do Sul,2022.0,12.0
Panthera onca,Onça-pintada,Mamífero,VU,Cerrado,Cerrado,8.1,-20.543027,-55.562436,Mato Grosso do Sul,2022.0,12.0
Panthera onca,Onça-pintada,Mamífero,VU,Cerrado,Cerrado,8.1,-17.225523,-56.745261,Mato Grosso,2021.0,1.0
Panthera onca,Onça-pintada,Mamífero,VU,Cerrado,Cerrado,8.1,-19.704766,-56.953357,Mato Grosso do Sul,2021.0,3.0
Panthera onca,Onça-pintada,Mamífero,VU,Cerrado,Cerrado,8.1,-17.11111,-56.6085,Mato Grosso,2021.0,6.0
Panthera onca,Onça-pintada,Mamífero,VU,Cerrado,Cerrado,8.1,-19.40346,-56.946331,Mato Grosso do Sul,2021.0,6.0
Panthera onca,Onça-pintada,Mamífero,VU,Cerrado,Cerrado,8.1,-17.209759,-56.703048,Mato Grosso,2021.0,6.0
Panthera onca,Onça-pintada,Mamífero,VU,Cerrado,Cerrado,8.1,-17.269578,-56.735762,Mato Grosso do Sul,2021.0,6.0
Panthera onca,Onça-pintada,Mamífero,VU,Cerrado,Cerrado,8.1,-14.685004,-51.129428,Goiás,2021.0,7.0
Panthera onca,Onça-pintada,Mamífero,VU,Cerrado,Cerrado,8.1,-17.377087,-56.956208,Mato Grosso,2021.0,7.0
Panthera onca,Onça-pintada,Mamífero,VU,Cerrado,Cerrado,8.1,-17.372905,-56.739311,Mato Grosso do Sul,2021.0,8.0
Panthera onca,Onça-pintada,Mamífero,VU,Cerrado,Cerrado,8.1,-17.216604,-56.664497,Mato Grosso,2021.0,8.0
Panthera onca,Onça-pintada,Mamífero,VU,Cerrado,Cerrado,8.1,-17.314044,-56.641633,Mato Grosso,2021.0,8.0
Panthera onca,Onça-pintada,Mamífero,VU,Cerrado,Cerrado,8.1,-15.636667,-48.039167,Federal district,2021.0,9.0
Panthera onca,Onça-pintada,Mamífero,VU,Cerrado,Cerrado,8.1,-16.552261,-56.659649,Mato Grosso,2021.0,10.0
Panthera onca,Onça-pintada,Mamífero,VU,Cerrado,Cerrado,8.1,-17.362994,-56.600718,Mato Grosso,2021.0,10.0
Panthera onca,Onça-pintada,Mamífero,VU,Cerrado,Cerrado,8.1,-17.238217,-56.795052,Mato Grosso,2021.0,10.0
Panthera onca,Onça-pintada,Mamífero,VU,Cerrado,Cerrado,8.1,-17.066953,-56.713721,Mato Grosso,2021.0,10.0
Panthera onca,Onça-pintada,Mamífero,VU,Cerrado,Cerrado,8.1,-16.527552,-56.679681,Mato Grosso,2021.0,10.0
Panthera onca,Onça-pintada,Mamífero,VU,Cerrado,Cerrado,8.1,-17.295514,-56.741018,Mato Grosso,2021.0,10.0
Panthera onca,Onça-pintada,Mamífero,VU,Cerrado,Cerrado,8.1,-17.374332,-56.675858,Mato Grosso,2021.0,10.0
Panthera onca,Onça-pintada,Mamífero,VU,Cerrado,Cerrado,8.1,-17.380746,-56.609567,Mato Grosso,2021.0,10.0
Panthera onca,Onça-pintada,Mamífero,VU,Cerrado,Cerrado,8.1,-17.252205,-56.687029,Mato Grosso,2021.0,10.0
Panthera onca,Onça-pintada,Mamífero,VU,Cerrado,Cerrado,8.1,-17.712255,-56.968113,Mato Grosso do Sul,2021.0,11.0
Panthera onca,Onça-pintada,Mamífero,VU,Cerrado,Cerrado,8.1,-17.861935,-57.489201,Mato Grosso,2021.0,11.0
Panthera onca,Onça-pintada,Mamífero,VU,Cerrado,Cerrado,8.1,-17.033981,-56.416793,Mato Grosso,2020.0,1.0
Panthera onca,Onça-pintada,Mamífero,VU,Cerrado,Cerrado,8.1,-19.508122,-56.143431,Mato Grosso do Sul,2020.0,2.0
Panthera onca,Onça-pintada,Mamífero,VU,Cerrado,Cerrado,8.1,-19.523174,-56.050504,Mato Grosso do Sul,2020.0,2.0
Panthera onca,Onça-pintada,Mamífero,VU,Cerrado,Cerrado,8.1,-20.2148,-56.415,,2020.0,2.0
Panthera onca,Onça-pintada,Mamífero,VU,Cerrado,Cerrado,8.1,-19.575293,-56.010102,Mato Grosso do Sul,2020.0,6.0
Panthera onca,Onça-pintada,Mamífero,VU,Cerrado,Cerrado,8.1,-17.342557,-56.695751,Mato Grosso,2020.0,7.0
Panthera onca,Onça-pintada,Mamífero,VU,Cerrado,Cerrado,8.1,-17.265856,-56.837672,Mato Grosso,2020.0,9.0
Panthera onca,Onça-pintada,Mamífero,VU,Cerrado,Cerrado,8.1,-17.259902,-56.706246,Mato Grosso do Sul,2020.0,9.0
Panthera onca,Onça-pintada,Mamífero,VU,Cerrado,Cerrado,8.1,-20.005875,-56.767162,Mato Grosso do Sul,2020.0,9.0
Panthera onca,Onça-pintada,Mamífero,VU,Cerrado,Cerrado,8.1,-15.132061,-51.063564,Goiás,2019.0,4.0
Panthera onca,Onça-pintada,Mamífero,VU,Cerrado,Cerrado,8.1,-20.219917,-56.485017,Mato Grosso do Sul,2019.0,5.0
Panthera onca,Onça-pintada,Mamífero,VU,Cerrado,Cerrado,8.1,-17.627472,-57.226459,Mato Grosso,2019.0,5.0
Panthera onca,Onça-pintada,Mamífero,VU,Cerrado,Cerrado,8.1,-19.608345,-55.360142,Mato Grosso do Sul,2019.0,6.0
Panthera onca,Onça-pintada,Mamífero,VU,Cerrado,Cerrado,8.1,-19.8059,-56.9366,,2019.0,6.0
Panthera onca,Onça-pintada,Mamífero,VU,Cerrado,Cerrado,8.1,-17.205954,-56.7005,Mato Grosso do Sul,2019.0,7.0
Panthera onca,Onça-pintada,Mamífero,VU,Cerrado,Cerrado,8.1,-17.252046,-56.657934,Mato Grosso do Sul,2019.0,7.0
Panthera onca,Onça-pintada,Mamífero,VU,Cerrado,Cerrado,8.1,-17.296792,-56.619918,Mato Grosso do Sul,2019.0,7.0
Panthera onca,Onça-pintada,Mamífero,VU,Cerrado,Cerrado,8.1,-17.305685,-56.716754,Mato Grosso,2019.0,7.0
Panthera onca,Onça-pintada,Mamífero,VU,Cerrado,Cerrado,8.1,-17.106774,-56.64,Mato Grosso,2019.0,7.0
Panthera onca,Onça-pintada,Mamífero,VU,Cerrado,Cerrado,8.1,-17.206507,-56.638731,Mato Grosso,2019.0,7.0
Panthera onca,Onça-pintada,Mamífero,VU,Cerrado,Cerrado,8.1,-17.33649,-56.761194,,2019.0,7.0
Panthera onca,Onça-pintada,Mamífero,VU,Cerrado,Cerrado,8.1,-17.212366,-56.646571,Mato Grosso,2019.0,7.0
Panthera onca,Onça-pintada,Mamífero,VU,Cerrado,Cerrado,8.1,-17.239427,-56.652804,Mato Grosso,2019.0,7.0
Panthera onca,Onça-pintada,Mamífero,VU,Cerrado,Cerrado,8.1,-17.262462,-56.669861,Mato Grosso,2019.0,7.0
Panthera onca,Onça-pintada,Mamífero,VU,Cerrado,Cerrado,8.1,-17.293451,-56.71715,Mato Grosso,2019.0,7.0
Panthera onca,Onça-pintada,Mamífero,VU,Cerrado,Cerrado,8.1,-17.281508,-56.704603,Mato Grosso,2019.0,7.0
Panthera onca,Onça-pintada,Mamífero,VU,Cerrado,Cerrado,8.1,-17.268613,-56.683513,Mato Grosso,2019.0,7.0
Panthera onca,Onça-pintada,Mamífero,VU,Cerrado,Cerrado,8.1,-17.234715,-56.65964,Mato Grosso,2019.0,7.0
Panthera onca,Onça-pintada,Mamífero,VU,Cerrado,Cerrado,8.1,-17.245229,-56.658506,Mato Grosso,2019.0,7.0
Panthera onca,Onça-pintada,Mamífero,VU,Cerrado,Cerrado,8.1,-17.258715,-56.668216,Mato Grosso,2019.0,7.0
Panthera onca,Onça-pintada,Mamífero,VU,Cerrado,Cerrado,8.1,-17.284999,-56.696528,Mato Grosso,2019.0,7.0
Panthera onca,Onça-pintada,Mamífero,VU,Cerrado,Cerrado,8.1,-17.264161,-56.719928,Mato Grosso,2019.0,7.0
Panthera onca,Onça-pintada,Mamífero,VU,Cerrado,Cerrado,8.1,-17.292644,-56.768732,Mato Grosso,2019.0,7.0
Panthera onca,Onça-pintada,Mamífero,VU,Cerrado,Cerrado,8.1,-17.211255,-56.710932,Mato Grosso,2019.0,7.0
Panthera onca,Onça-pintada,Mamífero,VU,Cerrado,Cerrado,8.1,-17.296855,-56.651145,Mato Grosso,2019.0,7.0
Panthera onca,Onça-pintada,Mamífero,VU,Cerrado,Cerrado,8.1,-16.690457,-57.880598,Mato Grosso,2019.0,7.0
Panthera onca,Onça-pintada,Mamífero,VU,Cerrado,Cerrado,8.1,-16.620814,-57.95355,Mato Grosso,2019.0,7.0
Panthera onca,Onça-pintada,Mamífero,VU,Cerrado,Cerrado,8.1,-20.325679,-56.289374,Mato Grosso do Sul,2019.0,7.0
Panthera onca,Onça-pintada,Mamífero,VU,Cerrado,Cerrado,8.1,-16.617366,-56.994126,Mato Grosso,2019.0,7.0
Panthera onca,Onça-pintada,Mamífero,VU,Cerrado,Cerrado,8.1,-17.285572,-56.789287,Mato Grosso,2019.0,7.0
Panthera onca,Onça-pintada,Mamífero,VU,Cerrado,Cerrado,8.1,-17.384217,-56.691275,Mato Grosso,2019.0,7.0
Panthera onca,Onça-pintada,Mamífero,VU,Cerrado,Cerrado,8.1,-17.368855,-56.729232,Mato Grosso,2019.0,7.0
Panthera onca,Onça-pintada,Mamífero,VU,Cerrado,Cerrado,8.1,-17.272521,-56.719717,Mato Grosso,2019.0,7.0
Panthera onca,Onça-pintada,Mamífero,VU,Cerrado,Cerrado,8.1,-17.273496,-56.620958,Mato Grosso,2019.0,7.0
Panthera onca,Onça-pintada,Mamífero,VU,Cerrado,Cerrado,8.1,-17.326557,-56.623586,Mato Grosso,2019.0,7.0
Panthera onca,Onça-pintada,Mamífero,VU,Cerrado,Cerrado,8.1,-17.226812,-56.689271,Mato Grosso,2019.0,7.0
Panthera onca,Onça-pintada,Mamífero,VU,Cerrado,Cerrado,8.1,-17.208754,-56.623094,Mato Grosso,2019.0,7.0
Panthera onca,Onça-pintada,Mamífero,VU,Cerrado,Cerrado,8.1,-17.219883,-56.630604,Mato Grosso,2019.0,7.0
Panthera onca,Onça-pintada,Mamífero,VU,Cerrado,Cerrado,8.1,-17.28854,-56.765956,Mato Grosso,2019.0,7.0
Panthera onca,Onça-pintada,Mamífero,VU,Cerrado,Cerrado,8.1,-17.221466,-56.667637,Mato Grosso,2019.0,7.0
Panthera onca,Onça-pintada,Mamífero,VU,Cerrado,Cerrado,8.1,-17.315863,-56.618604,Mato Grosso,2019.0,7.0
Panthera onca,Onça-pintada,Mamífero,VU,Cerrado,Cerrado,8.1,-17.203794,-56.613275,Mato Grosso,2019.0,8.0
Panthera onca,Onça-pintada,Mamífero,VU,Cerrado,Cerrado,8.1,-17.378267,-56.643765,Mato Grosso,2019.0,8.0
Panthera onca,Onça-pintada,Mamífero,VU,Cerrado,Cerrado,8.1,-17.282203,-56.787131,Mato Grosso,2019.0,8.0
Panthera onca,Onça-pintada,Mamífero,VU,Cerrado,Cerrado,8.1,-17.237388,-56.753245,Mato Grosso,2019.0,8.0
Panthera onca,Onça-pintada,Mamífero,VU,Cerrado,Cerrado,8.1,-17.385222,-56.717901,Mato Grosso,2019.0,8.0
Panthera onca,Onça-pintada,Mamífero,VU,Cerrado,Cerrado,8.1,-17.260467,-56.658055,Mato Grosso,2019.0,8.0
Panthera onca,Onça-pintada,Mamífero,VU,Cerrado,Cerrado,8.1,-17.235599,-56.775557,Mato Grosso,2019.0,8.0
Panthera onca,Onça-pintada,Mamífero,VU,Cerrado,Cerrado,8.1,-17.394008,-56.736299,Mato Grosso,2019.0,8.0
Panthera onca,Onça-pintada,Mamífero,VU,Cerrado,Cerrado,8.1,-17.3048,-56.781291,Mato Grosso,2019.0,8.0
Panthera onca,Onça-pintada,Mamífero,VU,Cerrado,Cerrado,8.1,-17.278649,-56.66562,Mato Grosso,2019.0,8.0
Panthera onca,Onça-pintada,Mamífero,VU,Cerrado,Cerrado,8.1,-17.242618,-56.710058,Mato Grosso,2019.0,8.0
Panthera onca,Onça-pintada,Mamífero,VU,Cerrado,Cerrado,8.1,-17.345659,-56.755667,Mato Grosso,2019.0,8.0
Panthera onca,Onça-pintada,Mamífero,VU,Cerrado,Cerrado,8.1,-17.228942,-56.669226,Mato Grosso,2019.0,8.0
Panthera onca,Onça-pintada,Mamífero,VU,Cerrado,Cerrado,8.1,-17.217952,-56.749501,Mato Grosso,2019.0,8.0
Panthera onca,Onça-pintada,Mamífero,VU,Cerrado,Cerrado,8.1,-17.385235,-56.612471,Mato Grosso,2019.0,8.0
Panthera onca,Onça-pintada,Mamífero,VU,Cerrado,Cerrado,8.1,-17.386552,-56.746761,Mato Grosso,2019.0,8.0
Panthera onca,Onça-pintada,Mamífero,VU,Cerrado,Cerrado,8.1,-17.377671,-56.756841,Mato Grosso,2019.0,8.0
Panthera onca,Onça-pintada,Mamífero,VU,Cerrado,Cerrado,8.1,-17.23474,-56.667625,Mato Grosso,2019.0,8.0
Panthera onca,Onça-pintada,Mamífero,VU,Cerrado,Cerrado,8.1,-17.231558,-56.741797,Mato Grosso,2019.0,8.0
Panthera onca,Onça-pintada,Mamífero,VU,Cerrado,Cerrado,8.1,-17.328778,-56.645473,Mato Grosso,2019.0,8.0
Panthera onca,Onça-pintada,Mamífero,VU,Cerrado,Cerrado,8.1,-17.340645,-56.696823,Mato Grosso,2019.0,8.0
Panthera onca,Onça-pintada,Mamífero,VU,Cerrado,Cerrado,8.1,-17.365372,-56.621391,Mato Grosso,2019.0,8.0
Panthera onca,Onça-pintada,Mamífero,VU,Cerrado,Cerrado,8.1,-17.323066,-56.701083,Mato Grosso,2019.0,8.0
Panthera onca,Onça-pintada,Mamífero,VU,Cerrado,Cerrado,8.1,-17.241934,-56.680949,Mato Grosso do Sul,2019.0,8.0
Panthera onca,Onça-pintada,Mamífero,VU,Cerrado,Cerrado,8.1,-17.288721,-56.699455,Mato Grosso,2019.0,8.0
Panthera onca,Onça-pintada,Mamífero,VU,Cerrado,Cerrado,8.1,-17.325605,-56.697183,Mato Grosso do Sul,2019.0,8.0
Panthera onca,Onça-pintada,Mamífero,VU,Cerrado,Cerrado,8.1,-17.282721,-56.706501,Mato Grosso,2019.0,8.0
Panthera onca,Onça-pintada,Mamífero,VU,Cerrado,Cerrado,8.1,-17.209571,-56.648116,Mato Grosso,2019.0,8.0
Panthera onca,Onça-pintada,Mamífero,VU,Cerrado,Cerrado,8.1,-17.18987,-56.643603,Mato Grosso,2019.0,8.0
Panthera onca,Onça-pintada,Mamífero,VU,Cerrado,Cerrado,8.1,-17.284975,-56.704399,Mato Grosso,2019.0,8.0
Panthera onca,Onça-pintada,Mamífero,VU,Cerrado,Cerrado,8.1,-17.27606,-56.694878,Mato Grosso,2019.0,8.0
Panthera onca,Onça-pintada,Mamífero,VU,Cerrado,Cerrado,8.1,-17.275056,-56.68498,Mato Grosso,2019.0,8.0
Panthera onca,Onça-pintada,Mamífero,VU,Cerrado,Cerrado,8.1,-17.263948,-56.718643,Mato Grosso,2019.0,8.0
Panthera onca,Onça-pintada,Mamífero,VU,Cerrado,Cerrado,8.1,-17.320347,-56.680005,Mato Grosso,2019.0,8.0
Panthera onca,Onça-pintada,Mamífero,VU,Cerrado,Cerrado,8.1,-17.276541,-56.69112,Mato Grosso,2019.0,8.0
Panthera onca,Onça-pintada,Mamífero,VU,Cerrado,Cerrado,8.1,-17.28874,-56.700809,Mato Grosso,2019.0,8.0
Panthera onca,Onça-pintada,Mamífero,VU,Cerrado,Cerrado,8.1,-17.279566,-56.69902,Mato Grosso,2019.0,8.0
Panthera onca,Onça-pintada,Mamífero,VU,Cerrado,Cerrado,8.1,-17.28232,-56.706372,Mato Grosso,2019.0,8.0
Panthera onca,Onça-pintada,Mamífero,VU,Cerrado,Cerrado,8.1,-17.279577,-56.69899,Mato Grosso,2019.0,8.0
Panthera onca,Onça-pintada,Mamífero,VU,Cerrado,Cerrado,8.1,-17.277128,-56.69154,Mato Grosso,2019.0,8.0
Panthera onca,Onça-pintada,Mamífero,VU,Cerrado,Cerrado,8.1,-17.276571,-56.691799,Mato Grosso,2019.0,8.0
Panthera onca,Onça-pintada,Mamífero,VU,Cerrado,Cerrado,8.1,-17.292253,-56.715128,Mato Grosso,2019.0,8.0
Panthera onca,Onça-pintada,Mamífero,VU,Cerrado,Cerrado,8.1,-17.258554,-56.709995,Mato Grosso,2019.0,8.0
Panthera onca,Onça-pintada,Mamífero,VU,Cerrado,Cerrado,8.1,-17.241644,-56.647751,Mato Grosso,2019.0,8.0
Panthera onca,Onça-pintada,Mamífero,VU,Cerrado,Cerrado,8.1,-17.290982,-56.710408,Mato Grosso,2019.0,8.0
Panthera onca,Onça-pintada,Mamífero,VU,Cerrado,Cerrado,8.1,-17.193341,-56.619672,Mato Grosso,2019.0,8.0
Panthera onca,Onça-pintada,Mamífero,VU,Cerrado,Cerrado,8.1,-17.281003,-56.699539,Mato Grosso,2019.0,8.0
Panthera onca,Onça-pintada,Mamífero,VU,Cerrado,Cerrado,8.1,-17.280663,-56.698696,Mato Grosso,2019.0,8.0
Panthera onca,Onça-pintada,Mamífero,VU,Cerrado,Cerrado,8.1,-17.261701,-56.669665,Mato Grosso,2019.0,8.0
Panthera onca,Onça-pintada,Mamífero,VU,Cerrado,Cerrado,8.1,-17.282841,-56.706303,Mato Grosso,2019.0,8.0
Panthera onca,Onça-pintada,Mamífero,VU,Cerrado,Cerrado,8.1,-17.265304,-56.706705,Mato Grosso,2019.0,8.0
Panthera onca,Onça-pintada,Mamífero,VU,Cerrado,Cerrado,8.1,-17.249453,-56.662701,Mato Grosso,2019.0,8.0
Panthera onca,Onça-pintada,Mamífero,VU,Cerrado,Cerrado,8.1,-17.269485,-56.678463,Mato Grosso,2019.0,8.0
Panthera onca,Onça-pintada,Mamífero,VU,Cerrado,Cerrado,8.1,-17.286572,-56.696827,Mato Grosso,2019.0,8.0
Panthera onca,Onça-pintada,Mamífero,VU,Cerrado,Cerrado,8.1,-17.283,-56.706,Mato Grosso,2019.0,8.0
Panthera onca,Onça-pintada,Mamífero,VU,Cerrado,Cerrado,8.1,-17.375504,-56.612342,Mato Grosso,2019.0,8.0
Panthera onca,Onça-pintada,Mamífero,VU,Cerrado,Cerrado,8.1,-17.359864,-56.67243,Mato Grosso,2019.0,8.0
Panthera onca,Onça-pintada,Mamífero,VU,Cerrado,Cerrado,8.1,-17.274725,-56.604908,Mato Grosso,2019.0,8.0
Panthera onca,Onça-pintada,Mamífero,VU,Cerrado,Cerrado,8.1,-17.219662,-56.786208,Mato Grosso,2019.0,8.0
Panthera onca,Onça-pintada,Mamífero,VU,Cerrado,Cerrado,8.1,-17.266507,-56.728841,Mato Grosso,2019.0,8.0
Panthera onca,Onça-pintada,Mamífero,VU,Cerrado,Cerrado,8.1,-16.767942,-56.837941,Mato Grosso,2019.0,8.0
Panthera onca,Onça-pintada,Mamífero,VU,Cerrado,Cerrado,8.1,-17.222947,-56.65603,Mato Grosso,2019.0,8.0
Panthera onca,Onça-pintada,Mamífero,VU,Cerrado,Cerrado,8.1,-17.28857,-56.743846,Mato Grosso,2019.0,9.0
Panthera onca,Onça-pintada,Mamífero,VU,Cerrado,Cerrado,8.1,-17.380542,-56.640833,Mato Grosso,2019.0,9.0
Panthera onca,Onça-pintada,Mamífero,VU,Cerrado,Cerrado,8.1,-17.270512,-56.690563,Mato Grosso,2019.0,9.0
Panthera onca,Onça-pintada,Mamífero,VU,Cerrado,Cerrado,8.1,-17.281723,-56.706078,Mato Grosso,2019.0,9.0
Panthera onca,Onça-pintada,Mamífero,VU,Cerrado,Cerrado,8.1,-17.279072,-56.69907,Mato Grosso,2019.0,9.0
Panthera onca,Onça-pintada,Mamífero,VU,Cerrado,Cerrado,8.1,-17.27911,-56.699043,Mato Grosso,2019.0,9.0
Panthera onca,Onça-pintada,Mamífero,VU,Cerrado,Cerrado,8.1,-17.279072,-56.69907,Mato Grosso,2019.0,9.0
Panthera onca,Onça-pintada,Mamífero,VU,Cerrado,Cerrado,8.1,-17.270512,-56.690563,Mato Grosso,2019.0,9.0
Panthera onca,Onça-pintada,Mamífero,VU,Cerrado,Cerrado,8.1,-17.281723,-56.706078,Mato Grosso,2019.0,9.0
Panthera onca,Onça-pintada,Mamífero,VU,Cerrado,Cerrado,8.1,-17.288338,-56.702042,Mato Grosso,2019.0,9.0
Panthera onca,Onça-pintada,Mamífero,VU,Cerrado,Cerrado,8.1,-17.270452,-56.690662,Mato Grosso,2019.0,9.0
Panthera onca,Onça-pintada,Mamífero,VU,Cerrado,Cerrado,8.1,-20.029971,-56.774769,Mato Grosso do Sul,2019.0,9.0
Panthera onca,Onça-pintada,Mamífero,VU,Cerrado,Cerrado,8.1,-17.397516,-56.645587,Mato Grosso,2019.0,9.0
Panthera onca,Onça-pintada,Mamífero,VU,Cerrado,Cerrado,8.1,-17.398204,-56.670013,Mato Grosso,2019.0,9.0
Panthera onca,Onça-pintada,Mamífero,VU,Cerrado,Cerrado,8.1,-17.280959,-56.70453,Mato Grosso do Sul,2019.0,9.0
Panthera onca,Onça-pintada,Mamífero,VU,Cerrado,Cerrado,8.1,-17.349145,-56.743906,Mato Grosso,2019.0,9.0
Panthera onca,Onça-pintada,Mamífero,VU,Cerrado,Cerrado,8.1,-17.268967,-56.671215,Mato Grosso do Sul,2019.0,9.0
Panthera onca,Onça-pintada,Mamífero,VU,Cerrado,Cerrado,8.1,-17.362451,-56.76372,Mato Grosso,2019.0,9.0
Panthera onca,Onça-pintada,Mamífero,VU,Cerrado,Cerrado,8.1,-17.3967,-56.682029,Mato Grosso,2019.0,9.0
Panthera onca,Onça-pintada,Mamífero,VU,Cerrado,Cerrado,8.1,-17.27911,-56.699043,Mato Grosso,2019.0,9.0
Panthera onca,Onça-pintada,Mamífero,VU,Cerrado,Cerrado,8.1,-17.270452,-56.690662,Mato Grosso,2019.0,9.0
Panthera onca,Onça-pintada,Mamífero,VU,Cerrado,Cerrado,8.1,-17.281723,-56.706078,Mato Grosso,2019.0,9.0
Panthera onca,Onça-pintada,Mamífero,VU,Cerrado,Cerrado,8.1,-17.27226,-56.6277,Mato Grosso,2019.0,9.0
Panthera onca,Onça-pintada,Mamífero,VU,Cerrado,Cerrado,8.1,-17.34689,-56.604499,Mato Grosso,2019.0,10.0
Panthera onca,Onça-pintada,Mamífero,VU,Cerrado,Cerrado,8.1,-17.270632,-56.632078,Mato Grosso,2019.0,10.0
Panthera onca,Onça-pintada,Mamífero,VU,Cerrado,Cerrado,8.1,-17.18429,-56.650803,Mato Grosso,2019.0,10.0
Panthera onca,Onça-pintada,Mamífero,VU,Cerrado,Cerrado,8.1,-17.319784,-56.735985,Mato Grosso do Sul,2019.0,10.0
Panthera onca,Onça-pintada,Mamífero,VU,Cerrado,Cerrado,8.1,-17.031691,-56.438324,Mato Grosso,2019.0,10.0
Panthera onca,Onça-pintada,Mamífero,VU,Cerrado,Cerrado,8.1,-17.316702,-56.675114,Mato Grosso,2019.0,10.0
Panthera onca,Onça-pintada,Mamífero,VU,Cerrado,Cerrado,8.1,-17.222892,-56.660798,Mato Grosso,2019.0,10.0
Panthera onca,Onça-pintada,Mamífero,VU,Cerrado,Cerrado,8.1,-17.231859,-56.691752,Mato Grosso,2019.0,10.0
Panthera onca,Onça-pintada,Mamífero,VU,Cerrado,Cerrado,8.1,-14.920557,-46.169507,Bahia,2019.0,11.0
Panthera onca,Onça-pintada,Mamífero,VU,Cerrado,Cerrado,8.1,-19.589441,-56.994902,Mato Grosso do Sul,2019.0,11.0
Panthera onca,Onça-pintada,Mamífero,VU,Cerrado,Cerrado,8.1,-17.254329,-56.719344,Mato Grosso,2019.0,11.0
Panthera onca,Onça-pintada,Mamífero,VU,Cerrado,Cerrado,8.1,-17.24754,-56.742103,Mato Grosso,2019.0,11.0
Panthera onca,Onça-pintada,Mamífero,VU,Cerrado,Cerrado,8.1,-15.07383,-51.067435,Goiás,2019.0,12.0
Panthera onca,Onça-pintada,Mamífero,VU,Cerrado,Cerrado,8.1,-15.001218,-51.141124,Goiás,2019.0,12.0
Chrysocyon brachyurus,Lobo-guará,Mamífero,NT,Cerrado,Cerrado,16.9,-18.074742,-52.947366,Goiás,2026.0,1.0
Chrysocyon brachyurus,Lobo-guará,Mamífero,NT,Cerrado,Cerrado,16.9,-18.58819,-48.833015,Minas Gerais,2026.0,1.0
Chrysocyon brachyurus,Lobo-guará,Mamífero,NT,Cerrado,Cerrado,16.9,-18.569129,-48.80434,Minas Gerais,2026.0,1.0
Chrysocyon brachyurus,Lobo-guará,Mamífero,NT,Cerrado,Cerrado,16.9,-13.043155,-55.959294,Mato Grosso,2026.0,1.0
Chrysocyon brachyurus,Lobo-guará,Mamífero,NT,Cerrado,Cerrado,16.9,-19.161825,-46.972964,Minas Gerais,2026.0,1.0
Chrysocyon brachyurus,Lobo-guará,Mamífero,NT,Cerrado,Cerrado,16.9,-18.317655,-52.813289,Mato Grosso do Sul,2026.0,1.0
Chrysocyon brachyurus,Lobo-guará,Mamífero,NT,Cerrado,Cerrado,16.9,-18.269159,-52.731485,Mato Grosso do Sul,2026.0,1.0
Chrysocyon brachyurus,Lobo-guará,Mamífero,NT,Cerrado,Cerrado,16.9,-22.14782,-45.935993,Minas Gerais,2026.0,2.0
Chrysocyon brachyurus,Lobo-guará,Mamífero,NT,Cerrado,Cerrado,16.9,-18.261586,-52.685644,Mato Grosso do Sul,2026.0,3.0
Chrysocyon brachyurus,Lobo-guará,Mamífero,NT,Cerrado,Cerrado,16.9,-14.902212,-45.814996,Bahia,2026.0,3.0
Chrysocyon brachyurus,Lobo-guará,Mamífero,NT,Cerrado,Cerrado,16.9,-18.106704,-52.91303,Goiás,2026.0,3.0
Chrysocyon brachyurus,Lobo-guará,Mamífero,NT,Cerrado,Cerrado,16.9,-18.209458,-52.612621,Mato Grosso do Sul,2026.0,3.0
Chrysocyon brachyurus,Lobo-guará,Mamífero,NT,Cerrado,Cerrado,16.9,-20.295505,-46.540207,Minas Gerais,2026.0,3.0
Chrysocyon brachyurus,Lobo-guará,Mamífero,NT,Cerrado,Cerrado,16.9,-18.039453,-52.913753,Goiás,2026.0,3.0
Chrysocyon brachyurus,Lobo-guará,Mamífero,NT,Cerrado,Cerrado,16.9,-18.03178,-52.80336,Goiás,2026.0,3.0
Chrysocyon brachyurus,Lobo-guará,Mamífero,NT,Cerrado,Cerrado,16.9,-19.088443,-46.736406,Minas Gerais,2025.0,1.0
Chrysocyon brachyurus,Lobo-guará,Mamífero,NT,Cerrado,Cerrado,16.9,-20.737462,-44.410671,Minas Gerais,2025.0,4.0
Chrysocyon brachyurus,Lobo-guará,Mamífero,NT,Cerrado,Cerrado,16.9,-21.891989,-47.546311,São Paulo,2025.0,4.0
Chrysocyon brachyurus,Lobo-guará,Mamífero,NT,Cerrado,Cerrado,16.9,-22.250968,-47.487066,São Paulo,2025.0,4.0
Chrysocyon brachyurus,Lobo-guará,Mamífero,NT,Cerrado,Cerrado,16.9,-15.74148,-47.896835,Distrito Federal,2025.0,4.0
Chrysocyon brachyurus,Lobo-guará,Mamífero,NT,Cerrado,Cerrado,16.9,-20.242228,-46.583542,,2025.0,5.0
Chrysocyon brachyurus,Lobo-guará,Mamífero,NT,Cerrado,Cerrado,16.9,-18.377464,-52.721785,Goiás,2025.0,5.0
Chrysocyon brachyurus,Lobo-guará,Mamífero,NT,Cerrado,Cerrado,16.9,-18.127184,-52.925959,Goiás,2025.0,5.0
Chrysocyon brachyurus,Lobo-guará,Mamífero,NT,Cerrado,Cerrado,16.9,-18.011109,-52.824479,Goiás,2025.0,5.0
Chrysocyon brachyurus,Lobo-guará,Mamífero,NT,Cerrado,Cerrado,16.9,-14.815949,-45.807063,Bahia,2025.0,5.0
Chrysocyon brachyurus,Lobo-guará,Mamífero,NT,Cerrado,Cerrado,16.9,-18.10775,-52.893875,Goiás,2025.0,5.0
Chrysocyon brachyurus,Lobo-guará,Mamífero,NT,Cerrado,Cerrado,16.9,-19.256499,-45.832433,Minas Gerais,2025.0,6.0
Chrysocyon brachyurus,Lobo-guará,Mamífero,NT,Cerrado,Cerrado,16.9,-18.146159,-52.827406,Goiás,2025.0,6.0
Chrysocyon brachyurus,Lobo-guará,Mamífero,NT,Cerrado,Cerrado,16.9,-23.576923,-48.407834,São Paulo,2025.0,6.0
Chrysocyon brachyurus,Lobo-guará,Mamífero,NT,Cerrado,Cerrado,16.9,-18.126471,-52.899867,Goiás,2025.0,6.0
Chrysocyon brachyurus,Lobo-guará,Mamífero,NT,Cerrado,Cerrado,16.9,-18.110804,-52.839317,Goiás,2025.0,6.0
Chrysocyon brachyurus,Lobo-guará,Mamífero,NT,Cerrado,Cerrado,16.9,-20.549002,-46.595216,Minas Gerais,2025.0,7.0
Chrysocyon brachyurus,Lobo-guará,Mamífero,NT,Cerrado,Cerrado,16.9,-17.270356,-56.431668,Mato Grosso,2025.0,7.0
Chrysocyon brachyurus,Lobo-guará,Mamífero,NT,Cerrado,Cerrado,16.9,-17.279249,-56.596169,Mato Grosso,2025.0,7.0
Chrysocyon brachyurus,Lobo-guará,Mamífero,NT,Cerrado,Cerrado,16.9,-19.192306,-46.624747,Minas Gerais,2025.0,7.0
Chrysocyon brachyurus,Lobo-guará,Mamífero,NT,Cerrado,Cerrado,16.9,-19.137461,-46.6378,Minas Gerais,2025.0,7.0
Chrysocyon brachyurus,Lobo-guará,Mamífero,NT,Cerrado,Cerrado,16.9,-21.769622,-48.032297,São Paulo,2025.0,7.0
Chrysocyon brachyurus,Lobo-guará,Mamífero,NT,Cerrado,Cerrado,16.9,-18.905046,-46.827921,Minas Gerais,2025.0,7.0
Chrysocyon brachyurus,Lobo-guará,Mamífero,NT,Cerrado,Cerrado,16.9,-18.887739,-46.852918,Minas Gerais,2025.0,7.0
Chrysocyon brachyurus,Lobo-guará,Mamífero,NT,Cerrado,Cerrado,16.9,-19.195753,-46.665143,Minas Gerais,2025.0,7.0
Chrysocyon brachyurus,Lobo-guará,Mamífero,NT,Cerrado,Cerrado,16.9,-22.850324,-53.740035,Mato Grosso do Sul,2025.0,7.0
Chrysocyon brachyurus,Lobo-guará,Mamífero,NT,Cerrado,Cerrado,16.9,-22.389681,-44.721592,Minas Gerais,2025.0,8.0
Chrysocyon brachyurus,Lobo-guará,Mamífero,NT,Cerrado,Cerrado,16.9,-18.191084,-52.872917,Goiás,2025.0,8.0
Chrysocyon brachyurus,Lobo-guará,Mamífero,NT,Cerrado,Cerrado,16.9,-20.821263,-44.297527,Minas Gerais,2025.0,8.0
Chrysocyon brachyurus,Lobo-guará,Mamífero,NT,Cerrado,Cerrado,16.9,-18.435331,-48.924773,Minas Gerais,2025.0,8.0
Chrysocyon brachyurus,Lobo-guará,Mamífero,NT,Cerrado,Cerrado,16.9,-18.59368,-48.932785,Minas Gerais,2025.0,8.0
Chrysocyon brachyurus,Lobo-guará,Mamífero,NT,Cerrado,Cerrado,16.9,-18.533473,-48.909575,Minas Gerais,2025.0,8.0
Chrysocyon brachyurus,Lobo-guará,Mamífero,NT,Cerrado,Cerrado,16.9,-18.549957,-48.976919,Minas Gerais,2025.0,8.0
Chrysocyon brachyurus,Lobo-guará,Mamífero,NT,Cerrado,Cerrado,16.9,-19.861418,-56.208883,Mato Grosso do Sul,2025.0,9.0
Chrysocyon brachyurus,Lobo-guará,Mamífero,NT,Cerrado,Cerrado,16.9,-15.501868,-55.710409,Mato Grosso,2025.0,9.0
Chrysocyon brachyurus,Lobo-guará,Mamífero,NT,Cerrado,Cerrado,16.9,-17.332647,-55.841979,Mato Grosso,2025.0,9.0
Chrysocyon brachyurus,Lobo-guará,Mamífero,NT,Cerrado,Cerrado,16.9,-22.257694,-47.951174,São Paulo,2025.0,9.0
Chrysocyon brachyurus,Lobo-guará,Mamífero,NT,Cerrado,Cerrado,16.9,-12.836434,-52.541151,Mato Grosso,2025.0,9.0
Chrysocyon brachyurus,Lobo-guará,Mamífero,NT,Cerrado,Cerrado,16.9,-14.822531,-45.925116,Bahia,2025.0,9.0
Chrysocyon brachyurus,Lobo-guará,Mamífero,NT,Cerrado,Cerrado,16.9,-18.174629,-52.88587,Goiás,2025.0,10.0
Chrysocyon brachyurus,Lobo-guará,Mamífero,NT,Cerrado,Cerrado,16.9,-16.439794,-49.105494,Goiás,2025.0,10.0
Chrysocyon brachyurus,Lobo-guará,Mamífero,NT,Cerrado,Cerrado,16.9,-20.804548,-47.369317,São Paulo,2025.0,10.0
Chrysocyon brachyurus,Lobo-guará,Mamífero,NT,Cerrado,Cerrado,16.9,-15.856165,-47.840158,Distrito Federal,2025.0,10.0
Chrysocyon brachyurus,Lobo-guará,Mamífero,NT,Cerrado,Cerrado,16.9,-18.147602,-52.960231,Goiás,2025.0,10.0
Chrysocyon brachyurus,Lobo-guará,Mamífero,NT,Cerrado,Cerrado,16.9,-17.226278,-56.598877,Mato Grosso,2025.0,10.0
Chrysocyon brachyurus,Lobo-guará,Mamífero,NT,Cerrado,Cerrado,16.9,-14.614011,-45.834228,Bahia,2025.0,10.0
Chrysocyon brachyurus,Lobo-guará,Mamífero,NT,Cerrado,Cerrado,16.9,-18.216603,-52.891643,Mato Grosso do Sul,2025.0,10.0
Chrysocyon brachyurus,Lobo-guará,Mamífero,NT,Cerrado,Cerrado,16.9,-18.280296,-52.976232,Goiás,2025.0,10.0
Chrysocyon brachyurus,Lobo-guará,Mamífero,NT,Cerrado,Cerrado,16.9,-22.491571,-47.510364,São Paulo,2025.0,10.0
Chrysocyon brachyurus,Lobo-guará,Mamífero,NT,Cerrado,Cerrado,16.9,-18.785526,-49.677116,Minas Gerais,2025.0,10.0
Chrysocyon brachyurus,Lobo-guará,Mamífero,NT,Cerrado,Cerrado,16.9,-13.047189,-56.872708,Mato Grosso,2025.0,10.0
Chrysocyon brachyurus,Lobo-guará,Mamífero,NT,Cerrado,Cerrado,16.9,-16.400539,-49.011341,Goiás,2025.0,10.0
Chrysocyon brachyurus,Lobo-guará,Mamífero,NT,Cerrado,Cerrado,16.9,-22.797045,-45.922757,Minas Gerais,2025.0,11.0
Chrysocyon brachyurus,Lobo-guará,Mamífero,NT,Cerrado,Cerrado,16.9,-18.216246,-52.987772,Mato Grosso do Sul,2025.0,11.0
Chrysocyon brachyurus,Lobo-guará,Mamífero,NT,Cerrado,Cerrado,16.9,-18.156668,-52.8556,Goiás,2025.0,11.0
Chrysocyon brachyurus,Lobo-guará,Mamífero,NT,Cerrado,Cerrado,16.9,-19.98419,-46.686921,Minas Gerais,2025.0,11.0
Chrysocyon brachyurus,Lobo-guará,Mamífero,NT,Cerrado,Cerrado,16.9,-17.373103,-56.359164,Mato Grosso,2025.0,11.0
Chrysocyon brachyurus,Lobo-guará,Mamífero,NT,Cerrado,Cerrado,16.9,-21.821788,-47.332075,São Paulo,2025.0,12.0
Chrysocyon brachyurus,Lobo-guará,Mamífero,NT,Cerrado,Cerrado,16.9,-14.834174,-45.963623,Bahia,2025.0,12.0
Chrysocyon brachyurus,Lobo-guará,Mamífero,NT,Cerrado,Cerrado,16.9,-18.119407,-52.853625,Goiás,2025.0,12.0
Chrysocyon brachyurus,Lobo-guará,Mamífero,NT,Cerrado,Cerrado,16.9,-19.649162,-56.249521,Mato Grosso do Sul,2025.0,12.0
Chrysocyon brachyurus,Lobo-guará,Mamífero,NT,Cerrado,Cerrado,16.9,-14.859359,-45.989738,Bahia,2025.0,12.0
Chrysocyon brachyurus,Lobo-guará,Mamífero,NT,Cerrado,Cerrado,16.9,-14.737787,-45.947855,Bahia,2025.0,12.0
Chrysocyon brachyurus,Lobo-guará,Mamífero,NT,Cerrado,Cerrado,16.9,-19.348275,-47.513134,Minas Gerais,2025.0,12.0
Chrysocyon brachyurus,Lobo-guará,Mamífero,NT,Cerrado,Cerrado,16.9,-21.645643,-44.015956,Minas Gerais,2025.0,12.0
Chrysocyon brachyurus,Lobo-guará,Mamífero,NT,Cerrado,Cerrado,16.9,-21.064263,-49.949447,São Paulo,2024.0,1.0
Chrysocyon brachyurus,Lobo-guará,Mamífero,NT,Cerrado,Cerrado,16.9,-14.974657,-45.867779,Bahia,2024.0,1.0
Chrysocyon brachyurus,Lobo-guará,Mamífero,NT,Cerrado,Cerrado,16.9,-19.991062,-56.245021,Mato Grosso do Sul,2024.0,1.0
Chrysocyon brachyurus,Lobo-guará,Mamífero,NT,Cerrado,Cerrado,16.9,-16.223767,-47.947723,Goiás,2024.0,1.0
Chrysocyon brachyurus,Lobo-guará,Mamífero,NT,Cerrado,Cerrado,16.9,-10.132079,-48.094272,Tocantins,2024.0,2.0
Chrysocyon brachyurus,Lobo-guará,Mamífero,NT,Cerrado,Cerrado,16.9,-22.484831,-44.521706,Rio de Janeiro,2024.0,2.0
Chrysocyon brachyurus,Lobo-guará,Mamífero,NT,Cerrado,Cerrado,16.9,-14.704398,-45.903511,Bahia,2024.0,2.0
Chrysocyon brachyurus,Lobo-guará,Mamífero,NT,Cerrado,Cerrado,16.9,-18.299297,-52.974693,Mato Grosso do Sul,2024.0,3.0
Chrysocyon brachyurus,Lobo-guará,Mamífero,NT,Cerrado,Cerrado,16.9,-18.273404,-52.94149,Mato Grosso do Sul,2024.0,3.0
Chrysocyon brachyurus,Lobo-guará,Mamífero,NT,Cerrado,Cerrado,16.9,-18.354124,-52.848661,Goiás,2024.0,3.0
Chrysocyon brachyurus,Lobo-guará,Mamífero,NT,Cerrado,Cerrado,16.9,-19.690182,-46.84206,Minas Gerais,2024.0,3.0
Chrysocyon brachyurus,Lobo-guará,Mamífero,NT,Cerrado,Cerrado,16.9,-18.28122,-52.986876,Goiás,2024.0,4.0
Chrysocyon brachyurus,Lobo-guará,Mamífero,NT,Cerrado,Cerrado,16.9,-18.132787,-52.826734,Goiás,2024.0,4.0
Chrysocyon brachyurus,Lobo-guará,Mamífero,NT,Cerrado,Cerrado,16.9,-18.020619,-52.922828,Goiás,2024.0,4.0
Chrysocyon brachyurus,Lobo-guará,Mamífero,NT,Cerrado,Cerrado,16.9,-15.810303,-47.965628,Distrito Federal,2024.0,4.0
Chrysocyon brachyurus,Lobo-guará,Mamífero,NT,Cerrado,Cerrado,16.9,-14.979573,-45.926055,Bahia,2024.0,4.0
Chrysocyon brachyurus,Lobo-guará,Mamífero,NT,Cerrado,Cerrado,16.9,-18.065883,-52.842166,Goiás,2024.0,5.0
Chrysocyon brachyurus,Lobo-guará,Mamífero,NT,Cerrado,Cerrado,16.9,-20.399844,-46.567933,Minas Gerais,2024.0,5.0
Chrysocyon brachyurus,Lobo-guará,Mamífero,NT,Cerrado,Cerrado,16.9,-18.140805,-52.871793,Goiás,2024.0,6.0
Chrysocyon brachyurus,Lobo-guará,Mamífero,NT,Cerrado,Cerrado,16.9,-14.784919,-45.602089,Bahia,2024.0,6.0
Chrysocyon brachyurus,Lobo-guará,Mamífero,NT,Cerrado,Cerrado,16.9,-20.282854,-46.42865,Minas Gerais,2024.0,7.0
Chrysocyon brachyurus,Lobo-guará,Mamífero,NT,Cerrado,Cerrado,16.9,-18.062052,-52.862549,Goiás,2024.0,7.0
Chrysocyon brachyurus,Lobo-guará,Mamífero,NT,Cerrado,Cerrado,16.9,-19.399516,-44.443854,Minas Gerais,2024.0,7.0
Chrysocyon brachyurus,Lobo-guará,Mamífero,NT,Cerrado,Cerrado,16.9,-18.328152,-52.957041,Goiás,2024.0,7.0
Chrysocyon brachyurus,Lobo-guará,Mamífero,NT,Cerrado,Cerrado,16.9,-20.025689,-46.634819,Minas Gerais,2024.0,7.0
Chrysocyon brachyurus,Lobo-guará,Mamífero,NT,Cerrado,Cerrado,16.9,-17.989254,-45.422779,Minas Gerais,2024.0,7.0
Chrysocyon brachyurus,Lobo-guará,Mamífero,NT,Cerrado,Cerrado,16.9,-18.105053,-52.823781,Goiás,2024.0,8.0
Chrysocyon brachyurus,Lobo-guará,Mamífero,NT,Cerrado,Cerrado,16.9,-18.126725,-52.81295,Goiás,2024.0,8.0
Chrysocyon brachyurus,Lobo-guará,Mamífero,NT,Cerrado,Cerrado,16.9,-22.266994,-44.562924,Rio de Janeiro,2024.0,8.0
Chrysocyon brachyurus,Lobo-guará,Mamífero,NT,Cerrado,Cerrado,16.9,-20.258485,-46.485836,Minas Gerais,2024.0,8.0
Chrysocyon brachyurus,Lobo-guará,Mamífero,NT,Cerrado,Cerrado,16.9,-19.12208,-46.602868,Minas Gerais,2024.0,8.0
Chrysocyon brachyurus,Lobo-guará,Mamífero,NT,Cerrado,Cerrado,16.9,-18.080089,-52.945695,Goiás,2024.0,8.0
Chrysocyon brachyurus,Lobo-guará,Mamífero,NT,Cerrado,Cerrado,16.9,-17.610775,-57.193149,Mato Grosso,2024.0,8.0
Chrysocyon brachyurus,Lobo-guará,Mamífero,NT,Cerrado,Cerrado,16.9,-16.776305,-56.079449,Mato Grosso,2024.0,8.0
Chrysocyon brachyurus,Lobo-guará,Mamífero,NT,Cerrado,Cerrado,16.9,-21.730863,-47.879672,São Paulo,2024.0,8.0
Chrysocyon brachyurus,Lobo-guará,Mamífero,NT,Cerrado,Cerrado,16.9,-18.454267,-52.49845,Goiás,2024.0,8.0
Chrysocyon brachyurus,Lobo-guará,Mamífero,NT,Cerrado,Cerrado,16.9,-18.227585,-52.948591,Mato Grosso do Sul,2024.0,8.0
Chrysocyon brachyurus,Lobo-guará,Mamífero,NT,Cerrado,Cerrado,16.9,-18.275044,-52.979881,Mato Grosso do Sul,2024.0,9.0
Chrysocyon brachyurus,Lobo-guará,Mamífero,NT,Cerrado,Cerrado,16.9,-20.848456,-44.241652,Minas Gerais,2024.0,9.0
Chrysocyon brachyurus,Lobo-guará,Mamífero,NT,Cerrado,Cerrado,16.9,-21.601616,-44.109769,Minas Gerais,2024.0,9.0
Chrysocyon brachyurus,Lobo-guará,Mamífero,NT,Cerrado,Cerrado,16.9,-18.068236,-52.972793,Goiás,2024.0,9.0
Chrysocyon brachyurus,Lobo-guará,Mamífero,NT,Cerrado,Cerrado,16.9,-18.052308,-52.869517,Goiás,2024.0,9.0
Chrysocyon brachyurus,Lobo-guará,Mamífero,NT,Cerrado,Cerrado,16.9,-18.149583,-52.890254,Goiás,2024.0,9.0
Chrysocyon brachyurus,Lobo-guará,Mamífero,NT,Cerrado,Cerrado,16.9,-18.393342,-52.979539,Mato Grosso do Sul,2024.0,9.0
Chrysocyon brachyurus,Lobo-guará,Mamífero,NT,Cerrado,Cerrado,16.9,-18.317585,-52.863327,Goiás,2024.0,9.0
Chrysocyon brachyurus,Lobo-guará,Mamífero,NT,Cerrado,Cerrado,16.9,-18.236833,-52.855017,Goiás,2024.0,9.0
Chrysocyon brachyurus,Lobo-guará,Mamífero,NT,Cerrado,Cerrado,16.9,-18.053038,-52.87422,Goiás,2024.0,9.0
Chrysocyon brachyurus,Lobo-guará,Mamífero,NT,Cerrado,Cerrado,16.9,-22.328635,-47.50906,São Paulo,2024.0,9.0
Chrysocyon brachyurus,Lobo-guará,Mamífero,NT,Cerrado,Cerrado,16.9,-18.087622,-52.865009,Goiás,2024.0,9.0
Chrysocyon brachyurus,Lobo-guará,Mamífero,NT,Cerrado,Cerrado,16.9,-18.007616,-52.841715,Goiás,2024.0,9.0
Chrysocyon brachyurus,Lobo-guará,Mamífero,NT,Cerrado,Cerrado,16.9,-18.268214,-52.818303,Goiás,2024.0,9.0
Chrysocyon brachyurus,Lobo-guará,Mamífero,NT,Cerrado,Cerrado,16.9,-18.270011,-52.823353,Goiás,2024.0,9.0
Chrysocyon brachyurus,Lobo-guará,Mamífero,NT,Cerrado,Cerrado,16.9,-18.189508,-52.869943,Goiás,2024.0,9.0
Chrysocyon brachyurus,Lobo-guará,Mamífero,NT,Cerrado,Cerrado,16.9,-18.123283,-52.831933,Goiás,2024.0,9.0
Chrysocyon brachyurus,Lobo-guará,Mamífero,NT,Cerrado,Cerrado,16.9,-18.115864,-52.801866,Goiás,2024.0,9.0
Chrysocyon brachyurus,Lobo-guará,Mamífero,NT,Cerrado,Cerrado,16.9,-20.185425,-46.639241,Minas Gerais,2024.0,9.0
Chrysocyon brachyurus,Lobo-guará,Mamífero,NT,Cerrado,Cerrado,16.9,-18.304711,-52.953316,Goiás,2024.0,9.0
Chrysocyon brachyurus,Lobo-guará,Mamífero,NT,Cerrado,Cerrado,16.9,-20.908422,-44.258784,Minas Gerais,2024.0,9.0
Chrysocyon brachyurus,Lobo-guará,Mamífero,NT,Cerrado,Cerrado,16.9,-21.417114,-47.910061,São Paulo,2024.0,9.0
Chrysocyon brachyurus,Lobo-guará,Mamífero,NT,Cerrado,Cerrado,16.9,-20.034443,-44.27997,Minas Gerais,2024.0,9.0
Chrysocyon brachyurus,Lobo-guará,Mamífero,NT,Cerrado,Cerrado,16.9,-18.172999,-52.863263,Goiás,2024.0,9.0
Chrysocyon brachyurus,Lobo-guará,Mamífero,NT,Cerrado,Cerrado,16.9,-23.457274,-50.018319,Paraná,2024.0,10.0
Chrysocyon brachyurus,Lobo-guará,Mamífero,NT,Cerrado,Cerrado,16.9,-21.637148,-46.685037,São Paulo,2024.0,10.0
Chrysocyon brachyurus,Lobo-guará,Mamífero,NT,Cerrado,Cerrado,16.9,-18.398753,-52.79627,Mato Grosso do Sul,2024.0,10.0
Chrysocyon brachyurus,Lobo-guará,Mamífero,NT,Cerrado,Cerrado,16.9,-19.273731,-44.844246,Minas Gerais,2024.0,10.0
Chrysocyon brachyurus,Lobo-guará,Mamífero,NT,Cerrado,Cerrado,16.9,-18.076217,-52.866914,Goiás,2024.0,10.0
Chrysocyon brachyurus,Lobo-guará,Mamífero,NT,Cerrado,Cerrado,16.9,-18.172593,-52.808757,Goiás,2024.0,10.0
Chrysocyon brachyurus,Lobo-guará,Mamífero,NT,Cerrado,Cerrado,16.9,-18.080923,-52.974661,Goiás,2024.0,10.0
Chrysocyon brachyurus,Lobo-guará,Mamífero,NT,Cerrado,Cerrado,16.9,-18.166958,-52.860258,Goiás,2024.0,10.0
Chrysocyon brachyurus,Lobo-guará,Mamífero,NT,Cerrado,Cerrado,16.9,-18.333551,-52.631174,Goiás,2024.0,11.0
Chrysocyon brachyurus,Lobo-guará,Mamífero,NT,Cerrado,Cerrado,16.9,-20.242698,-46.76373,Minas Gerais,2024.0,11.0
Chrysocyon brachyurus,Lobo-guará,Mamífero,NT,Cerrado,Cerrado,16.9,-22.767232,-47.017143,São Paulo,2024.0,11.0
Chrysocyon brachyurus,Lobo-guará,Mamífero,NT,Cerrado,Cerrado,16.9,-21.319969,-47.672442,São Paulo,2024.0,11.0
Chrysocyon brachyurus,Lobo-guará,Mamífero,NT,Cerrado,Cerrado,16.9,-17.728887,-48.735521,Goiás,2024.0,12.0
Chrysocyon brachyurus,Lobo-guará,Mamífero,NT,Cerrado,Cerrado,16.9,-19.609225,-47.238959,Minas Gerais,2024.0,12.0
Chrysocyon brachyurus,Lobo-guará,Mamífero,NT,Cerrado,Cerrado,16.9,-14.956319,-45.833967,Bahia,2023.0,1.0
Chrysocyon brachyurus,Lobo-guará,Mamífero,NT,Cerrado,Cerrado,16.9,-14.82606,-45.888539,Bahia,2023.0,1.0
Chrysocyon brachyurus,Lobo-guará,Mamífero,NT,Cerrado,Cerrado,16.9,-14.88797,-45.911364,Bahia,2023.0,2.0
Chrysocyon brachyurus,Lobo-guará,Mamífero,NT,Cerrado,Cerrado,16.9,-16.876865,-49.347526,Goiás,2023.0,2.0
Chrysocyon brachyurus,Lobo-guará,Mamífero,NT,Cerrado,Cerrado,16.9,-14.892862,-45.946967,Bahia,2023.0,2.0
Chrysocyon brachyurus,Lobo-guará,Mamífero,NT,Cerrado,Cerrado,16.9,-20.259468,-46.591565,Minas Gerais,2023.0,3.0
Chrysocyon brachyurus,Lobo-guará,Mamífero,NT,Cerrado,Cerrado,16.9,-18.201202,-52.612162,Goiás,2023.0,3.0
Chrysocyon brachyurus,Lobo-guará,Mamífero,NT,Cerrado,Cerrado,16.9,-20.329413,-46.550878,Minas Gerais,2023.0,4.0
Chrysocyon brachyurus,Lobo-guará,Mamífero,NT,Cerrado,Cerrado,16.9,-15.815801,-47.951753,Distrito Federal,2023.0,4.0
Chrysocyon brachyurus,Lobo-guará,Mamífero,NT,Cerrado,Cerrado,16.9,-18.285163,-52.604915,Goiás,2023.0,5.0
Chrysocyon brachyurus,Lobo-guará,Mamífero,NT,Cerrado,Cerrado,16.9,-18.298562,-52.723485,Goiás,2023.0,5.0
Chrysocyon brachyurus,Lobo-guará,Mamífero,NT,Cerrado,Cerrado,16.9,-18.033303,-52.911511,Goiás,2023.0,5.0
Chrysocyon brachyurus,Lobo-guará,Mamífero,NT,Cerrado,Cerrado,16.9,-20.335877,-46.352993,Minas Gerais,2023.0,5.0
Chrysocyon brachyurus,Lobo-guará,Mamífero,NT,Cerrado,Cerrado,16.9,-18.212624,-52.704512,Goiás,2023.0,5.0
Chrysocyon brachyurus,Lobo-guará,Mamífero,NT,Cerrado,Cerrado,16.9,-21.966015,-47.50405,São Paulo,2023.0,6.0
Chrysocyon brachyurus,Lobo-guará,Mamífero,NT,Cerrado,Cerrado,16.9,-23.560796,-50.094431,Paraná,2023.0,6.0
Chrysocyon brachyurus,Lobo-guará,Mamífero,NT,Cerrado,Cerrado,16.9,-13.104897,-52.348729,Mato Grosso,2023.0,6.0
Chrysocyon brachyurus,Lobo-guará,Mamífero,NT,Cerrado,Cerrado,16.9,-21.036368,-47.499452,São Paulo,2023.0,7.0
Chrysocyon brachyurus,Lobo-guará,Mamífero,NT,Cerrado,Cerrado,16.9,-14.981597,-45.855127,Bahia,2023.0,7.0
Chrysocyon brachyurus,Lobo-guará,Mamífero,NT,Cerrado,Cerrado,16.9,-11.566666,-47.84672,Tocantins,2023.0,7.0
Chrysocyon brachyurus,Lobo-guará,Mamífero,NT,Cerrado,Cerrado,16.9,-20.000201,-46.597226,Minas Gerais,2023.0,7.0
Chrysocyon brachyurus,Lobo-guará,Mamífero,NT,Cerrado,Cerrado,16.9,-17.893222,-52.883295,Goiás,2023.0,8.0
Chrysocyon brachyurus,Lobo-guará,Mamífero,NT,Cerrado,Cerrado,16.9,-10.114412,-45.391322,Piauí,2023.0,8.0
Chrysocyon brachyurus,Lobo-guará,Mamífero,NT,Cerrado,Cerrado,16.9,-18.165112,-52.95885,Goiás,2023.0,8.0
Chrysocyon brachyurus,Lobo-guará,Mamífero,NT,Cerrado,Cerrado,16.9,-18.113104,-52.85242,Goiás,2023.0,9.0
Chrysocyon brachyurus,Lobo-guará,Mamífero,NT,Cerrado,Cerrado,16.9,-18.265662,-52.998386,Goiás,2023.0,9.0
Chrysocyon brachyurus,Lobo-guará,Mamífero,NT,Cerrado,Cerrado,16.9,-15.925901,-47.994495,Distrito Federal,2023.0,9.0
Chrysocyon brachyurus,Lobo-guará,Mamífero,NT,Cerrado,Cerrado,16.9,-18.358826,-52.807363,Goiás,2023.0,9.0
Chrysocyon brachyurus,Lobo-guará,Mamífero,NT,Cerrado,Cerrado,16.9,-21.907623,-47.504723,São Paulo,2023.0,9.0
Chrysocyon brachyurus,Lobo-guará,Mamífero,NT,Cerrado,Cerrado,16.9,-18.279048,-52.897726,Goiás,2023.0,10.0
Chrysocyon brachyurus,Lobo-guará,Mamífero,NT,Cerrado,Cerrado,16.9,-15.215442,-55.882194,Mato Grosso,2023.0,10.0
Chrysocyon brachyurus,Lobo-guará,Mamífero,NT,Cerrado,Cerrado,16.9,-16.351416,-47.951041,Goiás,2023.0,10.0
Chrysocyon brachyurus,Lobo-guará,Mamífero,NT,Cerrado,Cerrado,16.9,-15.47103,-55.606627,Mato Grosso,2023.0,10.0
Chrysocyon brachyurus,Lobo-guará,Mamífero,NT,Cerrado,Cerrado,16.9,-14.8605,-46.167916,Bahia,2023.0,10.0
Chrysocyon brachyurus,Lobo-guará,Mamífero,NT,Cerrado,Cerrado,16.9,-18.174494,-52.928491,Goiás,2023.0,11.0
Chrysocyon brachyurus,Lobo-guará,Mamífero,NT,Cerrado,Cerrado,16.9,-18.169912,-52.81923,Goiás,2023.0,11.0
Chrysocyon brachyurus,Lobo-guará,Mamífero,NT,Cerrado,Cerrado,16.9,-18.180006,-52.918054,Goiás,2023.0,11.0
Chrysocyon brachyurus,Lobo-guará,Mamífero,NT,Cerrado,Cerrado,16.9,-20.391044,-46.572762,Minas Gerais,2023.0,11.0
Chrysocyon brachyurus,Lobo-guará,Mamífero,NT,Cerrado,Cerrado,16.9,-22.999276,-53.70073,Mato Grosso do Sul,2023.0,12.0
Chrysocyon brachyurus,Lobo-guará,Mamífero,NT,Cerrado,Cerrado,16.9,-23.96948,-51.133474,Paraná,2023.0,12.0
Chrysocyon brachyurus,Lobo-guará,Mamífero,NT,Cerrado,Cerrado,16.9,-21.749336,-53.064756,Mato Grosso do Sul,2023.0,12.0
Chrysocyon brachyurus,Lobo-guará,Mamífero,NT,Cerrado,Cerrado,16.9,-16.631452,-47.619873,Goiás,2022.0,1.0
Chrysocyon brachyurus,Lobo-guará,Mamífero,NT,Cerrado,Cerrado,16.9,-20.29978,-46.509507,Minas Gerais,2022.0,2.0
Chrysocyon brachyurus,Lobo-guará,Mamífero,NT,Cerrado,Cerrado,16.9,-20.304526,-46.41993,Minas Gerais,2022.0,2.0
Chrysocyon brachyurus,Lobo-guará,Mamífero,NT,Cerrado,Cerrado,16.9,-15.447929,-48.396071,Goiás,2022.0,2.0
Chrysocyon brachyurus,Lobo-guará,Mamífero,NT,Cerrado,Cerrado,16.9,-21.336474,-50.390905,São Paulo,2022.0,2.0
Chrysocyon brachyurus,Lobo-guará,Mamífero,NT,Cerrado,Cerrado,16.9,-15.845449,-47.690391,Distrito Federal,2022.0,2.0
Chrysocyon brachyurus,Lobo-guará,Mamífero,NT,Cerrado,Cerrado,16.9,-20.268303,-46.513968,Minas Gerais,2022.0,2.0
Chrysocyon brachyurus,Lobo-guará,Mamífero,NT,Cerrado,Cerrado,16.9,-20.312622,-46.571657,Minas Gerais,2022.0,2.0
Chrysocyon brachyurus,Lobo-guará,Mamífero,NT,Cerrado,Cerrado,16.9,-22.200271,-47.773296,,2022.0,3.0
Chrysocyon brachyurus,Lobo-guará,Mamífero,NT,Cerrado,Cerrado,16.9,-15.576344,-48.283069,Goiás,2022.0,4.0
Chrysocyon brachyurus,Lobo-guará,Mamífero,NT,Cerrado,Cerrado,16.9,-15.529764,-48.254555,Goiás,2022.0,4.0
Chrysocyon brachyurus,Lobo-guará,Mamífero,NT,Cerrado,Cerrado,16.9,-15.588409,-48.216365,Goiás,2022.0,4.0
Chrysocyon brachyurus,Lobo-guará,Mamífero,NT,Cerrado,Cerrado,16.9,-15.436131,-48.397773,Goiás,2022.0,4.0
Chrysocyon brachyurus,Lobo-guará,Mamífero,NT,Cerrado,Cerrado,16.9,-18.92539,-46.721444,Minas Gerais,2022.0,4.0
Chrysocyon brachyurus,Lobo-guará,Mamífero,NT,Cerrado,Cerrado,16.9,-18.926198,-47.61912,Minas Gerais,2022.0,4.0
Chrysocyon brachyurus,Lobo-guará,Mamífero,NT,Cerrado,Cerrado,16.9,-18.926198,-47.761912,,2022.0,4.0
Chrysocyon brachyurus,Lobo-guará,Mamífero,NT,Cerrado,Cerrado,16.9,-15.864481,-47.969258,Distrito Federal,2022.0,6.0
Chrysocyon brachyurus,Lobo-guará,Mamífero,NT,Cerrado,Cerrado,16.9,-17.220368,-54.165577,Mato Grosso,2022.0,7.0
Chrysocyon brachyurus,Lobo-guará,Mamífero,NT,Cerrado,Cerrado,16.9,-18.839961,-46.757868,Minas Gerais,2022.0,7.0
Chrysocyon brachyurus,Lobo-guará,Mamífero,NT,Cerrado,Cerrado,16.9,-18.177021,-52.814484,Goiás,2022.0,7.0
Chrysocyon brachyurus,Lobo-guará,Mamífero,NT,Cerrado,Cerrado,16.9,-18.067427,-52.82295,Goiás,2022.0,7.0
Chrysocyon brachyurus,Lobo-guará,Mamífero,NT,Cerrado,Cerrado,16.9,-15.466057,-55.865771,Mato Grosso,2022.0,7.0
Chrysocyon brachyurus,Lobo-guará,Mamífero,NT,Cerrado,Cerrado,16.9,-16.510902,-49.024427,Goiás,2022.0,7.0
Chrysocyon brachyurus,Lobo-guará,Mamífero,NT,Cerrado,Cerrado,16.9,-19.054944,-46.988542,Minas Gerais,2022.0,7.0
Chrysocyon brachyurus,Lobo-guará,Mamífero,NT,Cerrado,Cerrado,16.9,-17.103541,-54.012181,Mato Grosso,2022.0,8.0
Chrysocyon brachyurus,Lobo-guará,Mamífero,NT,Cerrado,Cerrado,16.9,-20.331876,-46.535175,Minas Gerais,2022.0,8.0
Chrysocyon brachyurus,Lobo-guará,Mamífero,NT,Cerrado,Cerrado,16.9,-20.246116,-46.550895,Minas Gerais,2022.0,8.0
Chrysocyon brachyurus,Lobo-guará,Mamífero,NT,Cerrado,Cerrado,16.9,-20.243809,-46.539136,Minas Gerais,2022.0,8.0
Chrysocyon brachyurus,Lobo-guará,Mamífero,NT,Cerrado,Cerrado,16.9,-12.448307,-52.826148,Mato Grosso,2022.0,8.0
Chrysocyon brachyurus,Lobo-guará,Mamífero,NT,Cerrado,Cerrado,16.9,-18.167558,-52.930761,Goiás,2022.0,8.0
Chrysocyon brachyurus,Lobo-guará,Mamífero,NT,Cerrado,Cerrado,16.9,-18.24702,-50.68227,Goiás,2022.0,8.0
Chrysocyon brachyurus,Lobo-guará,Mamífero,NT,Cerrado,Cerrado,16.9,-18.16848,-52.841385,Goiás,2022.0,9.0
Chrysocyon brachyurus,Lobo-guará,Mamífero,NT,Cerrado,Cerrado,16.9,-18.154423,-52.996245,Goiás,2022.0,9.0
Chrysocyon brachyurus,Lobo-guará,Mamífero,NT,Cerrado,Cerrado,16.9,-18.379912,-46.668371,Minas Gerais,2022.0,9.0
Chrysocyon brachyurus,Lobo-guará,Mamífero,NT,Cerrado,Cerrado,16.9,-17.880005,-52.892778,Goiás,2022.0,9.0
Chrysocyon brachyurus,Lobo-guará,Mamífero,NT,Cerrado,Cerrado,16.9,-19.575596,-47.593496,Minas Gerais,2022.0,9.0
Chrysocyon brachyurus,Lobo-guará,Mamífero,NT,Cerrado,Cerrado,16.9,-18.375741,-52.826638,Mato Grosso do Sul,2022.0,9.0
Chrysocyon brachyurus,Lobo-guará,Mamífero,NT,Cerrado,Cerrado,16.9,-20.317431,-56.379383,Mato Grosso do Sul,2022.0,10.0
Chrysocyon brachyurus,Lobo-guará,Mamífero,NT,Cerrado,Cerrado,16.9,-15.982036,-47.991284,Distrito Federal,2022.0,11.0
Chrysocyon brachyurus,Lobo-guará,Mamífero,NT,Cerrado,Cerrado,16.9,-21.911315,-47.478365,São Paulo,2022.0,11.0
Chrysocyon brachyurus,Lobo-guará,Mamífero,NT,Cerrado,Cerrado,16.9,-14.899752,-45.321576,Minas Gerais,2022.0,12.0
Chrysocyon brachyurus,Lobo-guará,Mamífero,NT,Cerrado,Cerrado,16.9,-22.18751,-50.374496,São Paulo,2022.0,12.0
Chrysocyon brachyurus,Lobo-guará,Mamífero,NT,Cerrado,Cerrado,16.9,-14.858058,-47.704566,Goiás,2022.0,12.0
Chrysocyon brachyurus,Lobo-guará,Mamífero,NT,Cerrado,Cerrado,16.9,-16.967276,-49.360081,Goiás,2022.0,12.0
Chrysocyon brachyurus,Lobo-guará,Mamífero,NT,Cerrado,Cerrado,16.9,-22.258903,-47.491164,São Paulo,2021.0,1.0
Chrysocyon brachyurus,Lobo-guará,Mamífero,NT,Cerrado,Cerrado,16.9,-18.282048,-52.821426,Goiás,2021.0,1.0
Chrysocyon brachyurus,Lobo-guará,Mamífero,NT,Cerrado,Cerrado,16.9,-18.504207,-48.888592,Minas Gerais,2021.0,1.0
Chrysocyon brachyurus,Lobo-guará,Mamífero,NT,Cerrado,Cerrado,16.9,-19.330259,-47.562805,Minas Gerais,2021.0,1.0
Chrysocyon brachyurus,Lobo-guará,Mamífero,NT,Cerrado,Cerrado,16.9,-19.272899,-47.499412,Minas Gerais,2021.0,1.0
Chrysocyon brachyurus,Lobo-guará,Mamífero,NT,Cerrado,Cerrado,16.9,-19.311168,-47.52547,Minas Gerais,2021.0,1.0
Chrysocyon brachyurus,Lobo-guará,Mamífero,NT,Cerrado,Cerrado,16.9,-19.307736,-47.515129,Minas Gerais,2021.0,1.0
Chrysocyon brachyurus,Lobo-guará,Mamífero,NT,Cerrado,Cerrado,16.9,-19.343338,-47.50249,Minas Gerais,2021.0,1.0
Chrysocyon brachyurus,Lobo-guará,Mamífero,NT,Cerrado,Cerrado,16.9,-19.305086,-47.553129,Minas Gerais,2021.0,1.0
Chrysocyon brachyurus,Lobo-guará,Mamífero,NT,Cerrado,Cerrado,16.9,-19.251482,-47.531317,Minas Gerais,2021.0,1.0
Chrysocyon brachyurus,Lobo-guará,Mamífero,NT,Cerrado,Cerrado,16.9,-19.268401,-47.503696,Minas Gerais,2021.0,1.0
Chrysocyon brachyurus,Lobo-guará,Mamífero,NT,Cerrado,Cerrado,16.9,-19.362089,-47.433738,Minas Gerais,2021.0,1.0
Chrysocyon brachyurus,Lobo-guará,Mamífero,NT,Cerrado,Cerrado,16.9,-19.353432,-47.536217,Minas Gerais,2021.0,2.0
Chrysocyon brachyurus,Lobo-guará,Mamífero,NT,Cerrado,Cerrado,16.9,-10.158515,-45.236108,Piauí,2021.0,3.0
Chrysocyon brachyurus,Lobo-guará,Mamífero,NT,Cerrado,Cerrado,16.9,-20.003838,-46.790349,Minas Gerais,2021.0,4.0
Chrysocyon brachyurus,Lobo-guará,Mamífero,NT,Cerrado,Cerrado,16.9,-15.917799,-47.856613,Distrito Federal,2021.0,4.0
Chrysocyon brachyurus,Lobo-guará,Mamífero,NT,Cerrado,Cerrado,16.9,-21.760588,-48.114147,São Paulo,2021.0,5.0
Chrysocyon brachyurus,Lobo-guará,Mamífero,NT,Cerrado,Cerrado,16.9,-21.306569,-46.934391,Minas Gerais,2021.0,7.0
Chrysocyon brachyurus,Lobo-guará,Mamífero,NT,Cerrado,Cerrado,16.9,-21.219875,-46.874809,Minas Gerais,2021.0,7.0
Chrysocyon brachyurus,Lobo-guará,Mamífero,NT,Cerrado,Cerrado,16.9,-21.5232,-46.935539,Minas Gerais,2021.0,7.0
Chrysocyon brachyurus,Lobo-guará,Mamífero,NT,Cerrado,Cerrado,16.9,-22.178989,-50.221478,São Paulo,2021.0,7.0
Chrysocyon brachyurus,Lobo-guará,Mamífero,NT,Cerrado,Cerrado,16.9,-12.776085,-44.680972,,2021.0,7.0
Chrysocyon brachyurus,Lobo-guará,Mamífero,NT,Cerrado,Cerrado,16.9,-21.164434,-48.173196,São Paulo,2021.0,8.0
Chrysocyon brachyurus,Lobo-guará,Mamífero,NT,Cerrado,Cerrado,16.9,-21.106705,-48.055921,São Paulo,2021.0,8.0
Chrysocyon brachyurus,Lobo-guará,Mamífero,NT,Cerrado,Cerrado,16.9,-13.105138,-52.272495,Mato Grosso,2021.0,8.0
Chrysocyon brachyurus,Lobo-guará,Mamífero,NT,Cerrado,Cerrado,16.9,-21.706487,-48.018037,São Paulo,2021.0,9.0
Chrysocyon brachyurus,Lobo-guará,Mamífero,NT,Cerrado,Cerrado,16.9,-22.999246,-46.203524,Minas Gerais,2021.0,9.0
Chrysocyon brachyurus,Lobo-guará,Mamífero,NT,Cerrado,Cerrado,16.9,-13.930694,-44.447386,,2021.0,9.0
Chrysocyon brachyurus,Lobo-guará,Mamífero,NT,Cerrado,Cerrado,16.9,-13.189093,-52.289373,Mato Grosso,2021.0,9.0
Chrysocyon brachyurus,Lobo-guará,Mamífero,NT,Cerrado,Cerrado,16.9,-15.989207,-47.864291,Distrito Federal,2021.0,10.0
Chrysocyon brachyurus,Lobo-guará,Mamífero,NT,Cerrado,Cerrado,16.9,-18.315046,-52.816116,Goiás,2021.0,10.0
Chrysocyon brachyurus,Lobo-guará,Mamífero,NT,Cerrado,Cerrado,16.9,-19.625394,-47.918524,Minas Gerais,2021.0,12.0
Chrysocyon brachyurus,Lobo-guará,Mamífero,NT,Cerrado,Cerrado,16.9,-15.826581,-47.986922,Distrito Federal,2021.0,12.0
Chrysocyon brachyurus,Lobo-guará,Mamífero,NT,Cerrado,Cerrado,16.9,-19.908529,-48.807247,Minas Gerais,2021.0,12.0
Chrysocyon brachyurus,Lobo-guará,Mamífero,NT,Cerrado,Cerrado,16.9,-22.916191,-49.30495,São Paulo,2020.0,1.0
Chrysocyon brachyurus,Lobo-guará,Mamífero,NT,Cerrado,Cerrado,16.9,-20.393107,-48.268839,São Paulo,2020.0,1.0
Chrysocyon brachyurus,Lobo-guará,Mamífero,NT,Cerrado,Cerrado,16.9,-20.382042,-46.539946,Minas Gerais,2020.0,2.0
Chrysocyon brachyurus,Lobo-guará,Mamífero,NT,Cerrado,Cerrado,16.9,-18.277016,-52.986173,Goiás,2020.0,2.0
Chrysocyon brachyurus,Lobo-guará,Mamífero,NT,Cerrado,Cerrado,16.9,-22.144126,-45.771072,Minas Gerais,2020.0,3.0
Chrysocyon brachyurus,Lobo-guará,Mamífero,NT,Cerrado,Cerrado,16.9,-21.899396,-47.938028,São Paulo,2020.0,4.0
Chrysocyon brachyurus,Lobo-guará,Mamífero,NT,Cerrado,Cerrado,16.9,-19.399886,-47.85905,Minas Gerais,2020.0,7.0
Chrysocyon brachyurus,Lobo-guará,Mamífero,NT,Cerrado,Cerrado,16.9,-15.943353,-47.832501,Distrito Federal,2020.0,9.0
Chrysocyon brachyurus,Lobo-guará,Mamífero,NT,Cerrado,Cerrado,16.9,-15.840039,-47.97567,Distrito Federal,2020.0,9.0
Chrysocyon brachyurus,Lobo-guará,Mamífero,NT,Cerrado,Cerrado,16.9,-15.902195,-47.854623,Distrito Federal,2020.0,9.0
Chrysocyon brachyurus,Lobo-guará,Mamífero,NT,Cerrado,Cerrado,16.9,-21.13362,-47.608104,São Paulo,2020.0,9.0
Chrysocyon brachyurus,Lobo-guará,Mamífero,NT,Cerrado,Cerrado,16.9,-20.224191,-46.405836,Minas Gerais,2020.0,10.0
Chrysocyon brachyurus,Lobo-guará,Mamífero,NT,Cerrado,Cerrado,16.9,-21.863677,-47.987281,São Paulo,2020.0,10.0
Chrysocyon brachyurus,Lobo-guará,Mamífero,NT,Cerrado,Cerrado,16.9,-21.113166,-51.919621,São Paulo,2020.0,10.0
Chrysocyon brachyurus,Lobo-guará,Mamífero,NT,Cerrado,Cerrado,16.9,-22.255366,-47.702943,,2020.0,10.0
Chrysocyon brachyurus,Lobo-guará,Mamífero,NT,Cerrado,Cerrado,16.9,-16.231029,-49.082417,Goiás,2020.0,11.0
Chrysocyon brachyurus,Lobo-guará,Mamífero,NT,Cerrado,Cerrado,16.9,-15.809082,-47.958683,Distrito Federal,2020.0,12.0
Chrysocyon brachyurus,Lobo-guará,Mamífero,NT,Cerrado,Cerrado,16.9,-15.953675,-47.908812,Distrito Federal,2019.0,1.0
Chrysocyon brachyurus,Lobo-guará,Mamífero,NT,Cerrado,Cerrado,16.9,-20.115523,-46.737412,Minas Gerais,2019.0,1.0
Chrysocyon brachyurus,Lobo-guará,Mamífero,NT,Cerrado,Cerrado,16.9,-15.982772,-47.854287,Distrito Federal,2019.0,2.0
Chrysocyon brachyurus,Lobo-guará,Mamífero,NT,Cerrado,Cerrado,16.9,-20.338453,-46.433753,Minas Gerais,2019.0,3.0
Chrysocyon brachyurus,Lobo-guará,Mamífero,NT,Cerrado,Cerrado,16.9,-15.82631,-47.855937,Distrito Federal,2019.0,3.0
Chrysocyon brachyurus,Lobo-guará,Mamífero,NT,Cerrado,Cerrado,16.9,-20.9437,-54.119,,2019.0,3.0
Chrysocyon brachyurus,Lobo-guará,Mamífero,NT,Cerrado,Cerrado,16.9,-14.963383,-45.939742,Bahia,2019.0,4.0
Chrysocyon brachyurus,Lobo-guará,Mamífero,NT,Cerrado,Cerrado,16.9,-15.982656,-47.866825,Distrito Federal,2019.0,4.0
Chrysocyon brachyurus,Lobo-guará,Mamífero,NT,Cerrado,Cerrado,16.9,-21.5121,-52.5597,,2019.0,4.0
Chrysocyon brachyurus,Lobo-guará,Mamífero,NT,Cerrado,Cerrado,16.9,-20.4927,-54.3279,,2019.0,4.0
Chrysocyon brachyurus,Lobo-guará,Mamífero,NT,Cerrado,Cerrado,16.9,-15.634747,-47.973171,Distrito Federal,2019.0,5.0
Chrysocyon brachyurus,Lobo-guará,Mamífero,NT,Cerrado,Cerrado,16.9,-20.4517,-52.9129,,2019.0,5.0
Chrysocyon brachyurus,Lobo-guará,Mamífero,NT,Cerrado,Cerrado,16.9,-23.292457,-47.275074,São Paulo,2019.0,6.0
Chrysocyon brachyurus,Lobo-guará,Mamífero,NT,Cerrado,Cerrado,16.9,-21.7755,-53.1985,,2019.0,6.0
Chrysocyon brachyurus,Lobo-guará,Mamífero,NT,Cerrado,Cerrado,16.9,-22.096725,-46.629394,São Paulo,2019.0,7.0
Chrysocyon brachyurus,Lobo-guará,Mamífero,NT,Cerrado,Cerrado,16.9,-18.161573,-52.84258,Goiás,2019.0,7.0
Chrysocyon brachyurus,Lobo-guará,Mamífero,NT,Cerrado,Cerrado,16.9,-20.4744,-54.1043,,2019.0,7.0
Chrysocyon brachyurus,Lobo-guará,Mamífero,NT,Cerrado,Cerrado,16.9,-20.390841,-46.640897,Minas Gerais,2019.0,8.0
Chrysocyon brachyurus,Lobo-guará,Mamífero,NT,Cerrado,Cerrado,16.9,-10.184086,-45.215858,Piauí,2019.0,8.0
Chrysocyon brachyurus,Lobo-guará,Mamífero,NT,Cerrado,Cerrado,16.9,-17.587333,-56.567442,Mato Grosso do Sul,2019.0,8.0
Chrysocyon brachyurus,Lobo-guará,Mamífero,NT,Cerrado,Cerrado,16.9,-22.316562,-47.571222,São Paulo,2019.0,10.0
Chrysocyon brachyurus,Lobo-guará,Mamífero,NT,Cerrado,Cerrado,16.9,-15.957283,-47.949734,Distrito Federal,2019.0,10.0
Chrysocyon brachyurus,Lobo-guará,Mamífero,NT,Cerrado,Cerrado,16.9,-14.070112,-47.437265,Goiás,2019.0,11.0
Chrysocyon brachyurus,Lobo-guará,Mamífero,NT,Cerrado,Cerrado,16.9,-18.392332,-52.991491,Goiás,2019.0,11.0
Chrysocyon brachyurus,Lobo-guará,Mamífero,NT,Cerrado,Cerrado,16.9,-21.4162,-52.7177,,2019.0,11.0
Chrysocyon brachyurus,Lobo-guará,Mamífero,NT,Cerrado,Cerrado,16.9,-22.543257,-52.389671,São Paulo,2019.0,12.0
Chrysocyon brachyurus,Lobo-guará,Mamífero,NT,Cerrado,Cerrado,16.9,-14.868649,-45.87705,Bahia,2019.0,12.0
Chrysocyon brachyurus,Lobo-guará,Mamífero,NT,Cerrado,Cerrado,16.9,-18.148088,-52.878359,Goiás,2019.0,12.0
